tdl,xpos,ypos,displacement,totaldisplacement
0.0,0.0,62.0,0.0,0.0
0.00850850850850851,0.09878202771445192,61.999904403850174,0.09878207397095187,0.09878207397095187
0.01701701701701702,0.19756365650537236,61.99961761583393,0.09878204509906374,0.19756411907001561
0.025525525525525526,0.2963444874511598,61.99913963725103,0.09878198735531672,0.2963461064253323
0.03403403403403404,0.395124121634073,61.998470470267684,0.09878190073976988,0.3951280071651022
0.04254254254254255,0.4939021601421606,61.99761011791661,0.09878178525251118,0.4939097924176134
0.05105105105105105,0.5926782040711912,61.99655858409698,0.09878164089365798,0.5926914333112714
0.05955955955955956,0.6914518545265838,61.9953158735744,0.09878146766335781,0.6914729009746292
0.06806806806806807,0.7902227126253367,61.993881991980906,0.09878126556178632,0.7902541665364156
0.07657657657657659,0.8889903794979584,61.99225694581491,0.09878103458914977,0.8890352011255653
0.0850850850850851,0.9877544562903966,61.99044074244119,0.09878077474568285,0.9878159758712481
0.09359359359359361,1.086514544165968,61.98843339009083,0.09878048603165032,1.0865964619028985
0.1021021021021021,1.1852702443072884,61.98623489786122,0.09878016844734597,1.1853766303502444
0.11061061061061062,1.2840211579182015,61.983845275715964,0.09877982199309292,1.2841564523433373
0.11911911911911913,1.382766886225709,61.981264534484836,0.09877944666924457,1.382935899012582
0.12762762762762764,1.4815070304818985,61.978492685863756,0.09877904247618162,1.4817149414887636
0.13613613613613615,1.5802411919658743,61.97552974241471,0.09877860941431642,1.58049355090308
0.14464464464464466,1.678968971985686,61.97237571756567,0.09877814748409018,1.67927169838717
0.15315315315315317,1.7776899718802555,61.969030625610586,0.09877765668597101,1.778049355073141
0.16166166166166168,1.876403793021309,61.96549448170922,0.0987771370204618,1.8768264920936029
0.1701701701701702,1.9751100368153027,61.96176730188716,0.09877658848808916,1.975603080581692
0.1786786786786787,2.0738083047053513,61.957849103035684,0.09877601108941113,2.074379091671103
0.18718718718718722,2.1724981981731584,61.95373990291171,0.0987754048250171,2.17315449649612
0.19569569569569573,2.271179318740942,61.949439720137654,0.09877476969552365,2.2719292661916435
0.2042042042042042,2.369851267973363,61.94494857420141,0.09877410570157599,2.3707033718932196
0.21271271271271272,2.468513647479454,61.9402664854562,0.09877341284385131,2.4694767847370707
0.22122122122122123,2.5671660589145437,61.93539347512046,0.09877269112305515,2.5682494758601258
0.22972972972972974,2.6658081039821875,61.93032956527777,0.09877194053992232,2.667021416400048
0.23823823823823825,2.7644393844360904,61.92507477887676,0.0987711610952139,2.7657925774952616
0.24674674674674676,2.863059502082037,61.919629139730915,0.0987703527897271,2.864562930284989
0.2552552552552553,2.961668058779817,61.91399267251853,0.09876951562428332,2.963332445909272
0.2637637637637638,3.060264656445148,61.90816540278255,0.09876864959973414,3.062101095509006
0.2722722722722723,3.1588488970516044,61.90214735693045,0.09876775471696048,3.1608688502259668
0.2807807807807808,3.2574203826325427,61.89593856223409,0.09876683097687516,3.259635681202842
0.2892892892892893,3.355978715283027,61.88953904682961,0.0987658783804189,3.358401559583261
0.2977977977977978,3.454523497161749,61.882948839717265,0.09876489692855729,3.457166456511818
0.30630630630630634,3.5530543304929605,61.87616797076126,0.09876388662229474,3.5559303431341127
0.3148148148148148,3.6515708175683885,61.86919647068962,0.09876284746265569,3.6546931905967686
0.32332332332332336,3.7500725607491674,61.86203437109407,0.09876177945070022,3.7534549700474686
0.33183183183183185,3.848559162467754,61.854681704429794,0.09876068258751297,3.852215652634982
0.3403403403403404,3.9470302252298604,61.84713850401535,0.09875955687421419,3.950975209509196
0.34884884884884887,4.045485351616364,61.83940480403243,0.09875840231194612,4.049733611821142
0.3573573573573574,4.143924144285244,61.831480639525765,0.09875721890188834,4.148490830723031
0.3658658658658659,4.24234620597349,61.82336604640291,0.09875600664523831,4.247246837368269
0.37437437437437443,4.340751139499034,61.81506106143402,0.09875476554323886,4.346001602911508
0.3828828828828829,4.439138547762663,61.80656572225175,0.09875349559714781,4.444755098508655
0.39139139139139145,4.537508033749944,61.797880067351,0.09875219680825738,4.543507295316912
0.39989989989989994,4.635859200533147,61.78900413608875,0.0987508691778949,4.642258164494807
0.4084084084084084,4.7341916512731546,61.77993796868385,0.09874951270740295,4.7410076772022105
0.41691691691691696,4.832504989221393,61.770681606216804,0.0987481273981736,4.839755804600384
0.42542542542542544,4.930798817721746,61.76123509062962,0.09874671325161005,4.938502517851994
0.433933933933934,5.029072740212467,61.75159846472552,0.09874527026915171,5.037247788121146
0.44244244244244246,5.127326360228106,61.74177177216877,0.09874379845227015,5.135991586573416
0.450950950950951,5.225559281401424,61.73175505748446,0.09874229780246142,5.234733884375878
0.4594594594594595,5.323771107465307,61.72154836605828,0.09874076832125508,5.333474652697133
0.467967967967968,5.421961442254686,61.711151744136245,0.09873921001020855,5.432213862707341
0.4764764764764765,5.520129889708446,61.700565238824524,0.09873762287090389,5.530951485578245
0.48498498498498505,5.618276053871354,61.68978889808918,0.09873600690496168,5.629687492483207
0.49349349349349353,5.716399538895961,61.67882277075591,0.0987343621140269,5.728421854597234
0.5020020020020021,5.814499949044519,61.66766690650982,0.0987326884997691,5.827154543097003
0.5105105105105106,5.9125768886909,61.65632135589516,0.09873098606389866,5.925885529160902
0.519019019019019,6.010629962322501,61.644786170315086,0.09872925480814079,6.024614783969042
0.5275275275275276,6.108658774542164,61.63306140203138,0.09872749473426645,6.1233422787033085
0.5360360360360361,6.206662930070081,61.62114710416421,0.09872570584406007,6.222067984547369
0.5445445445445446,6.304642033745715,61.60904333069183,0.09872388813935155,6.320791872686721
0.5530530530530531,6.402595690529691,61.59675013645034,0.0987220416219806,6.419513914308702
0.5615615615615616,6.500523505505729,61.58426757713338,0.09872016629383538,6.518234080602538
0.5700700700700702,6.59842508388254,61.5715957092919,0.09871826215682092,6.616952342759358
0.5785785785785786,6.696300030995735,61.55873459033379,0.09871632921287786,6.715668671972236
0.5870870870870871,6.794147952309736,61.54568427852367,0.09871436746397272,6.814383039436208
0.5955955955955956,6.8919684534196834,61.53244483298256,0.09871237691210417,6.9130954163483125
0.6041041041041042,6.989761140053341,61.51901631368759,0.09871035755929718,7.01180577390761
0.6126126126126127,7.087525618073,61.50539878147167,0.09870830940760747,7.110514083315217
0.6211211211211212,7.185261493477391,61.491592298023235,0.09870623245912337,7.20922031577434
0.6296296296296297,7.282968372403578,61.477596925885905,0.09870412671595268,7.307924442490293
0.6381381381381382,7.380645861128873,61.46341272845814,0.09870199218025011,7.406626434670543
0.6466466466466467,7.4782935660727325,61.44903976999299,0.09869982885417662,7.5053262635247195
0.6551551551551552,7.575911093798658,61.4344781155977,0.09869763673994356,7.6040239002646635
0.6636636636636637,7.6734980510161055,61.41972783123344,0.09869541583977674,7.7027193161044405
0.6721721721721723,7.77105404458238,61.404788983714894,0.09869316615594649,7.801412482260387
0.6806806806806808,7.868578681504534,61.389661640710045,0.09869088769073026,7.900103369951117
0.6891891891891893,7.966071568941272,61.3743458707397,0.09868858044645776,7.9987919503975755
0.6976976976976977,8.063532314204846,61.35884174317724,0.09868624442547373,8.097478194823049
0.7062062062062062,8.160960524762956,61.34314932824823,0.09868387963015837,8.196162074453207
0.7147147147147148,8.25835580824064,61.32726869703005,0.09868148606292063,8.294843560516128
0.7232232232232233,8.355717772422178,61.311199921451575,0.09867906372619467,8.393522624242323
0.7317317317317318,8.453046025252982,61.2949430742928,0.09867661262244791,8.49219923686477
0.7402402402402403,8.550340174841491,61.278498229184464,0.0986741327541738,8.590873369618944
0.7487487487487489,8.647599829461072,61.26186546060767,0.09867162412390539,8.68954499374285
0.7572572572572573,8.744824597551892,61.245044843893524,0.09866908673418465,8.788214080477035
0.7657657657657658,8.842014087722838,61.228036455222735,0.09866652058760855,8.886880601064643
0.7742742742742743,8.939167908753381,61.2108403716253,0.0986639256867717,8.985544526751415
0.7827827827827829,9.036285669595495,61.19345667098,0.09866130203434137,9.084205828785755
0.7912912912912914,9.133366979375513,61.1758854320141,0.098658649632967,9.182864478418722
0.7997997997997999,9.230411447396042,61.158126734302925,0.09865596848536011,9.281520446904082
0.8083083083083084,9.327418683137834,61.14018065826943,0.09865325859424827,9.380173705498331
0.8168168168168168,9.424388296261682,61.12204728518385,0.09865051996238909,9.47882422546072
0.8253253253253254,9.521319896610304,61.10372669716322,0.09864775259257855,9.577471978053298
0.8338338338338339,9.618213094210217,61.085218977171046,0.09864495648761995,9.676116934540918
0.8423423423423424,9.715067499273635,61.066524209016805,0.09864213165037261,9.77475906619129
0.8508508508508509,9.81188272220035,61.047642477355566,0.09863927808371517,9.873398344275005
0.8593593593593595,9.908658373579597,61.02857386768754,0.09863639579054469,9.97203474006555
0.867867867867868,10.005394064191954,61.0093184663577,0.09863348477379805,10.070668224839347
0.8763763763763764,10.102089405011213,60.989876360555265,0.0986305450364427,10.16929876987579
0.8848848848848849,10.198744007206258,60.970247638313325,0.09862757658146944,10.267926346457259
0.8933933933933935,10.295357482142945,60.950432388508375,0.0986245794119011,10.36655092586916
0.901901901901902,10.39192944138598,60.93043070085985,0.09862155353079458,10.465172479399953
0.9104104104104105,10.488459496700788,60.91024266592971,0.09861849894122622,10.56379097834118
0.918918918918919,10.584947260055392,60.889868375121935,0.09861541564630652,10.662406393987487
0.9274274274274276,10.681392343622292,60.86930792068213,0.0986123036491774,10.761018697636665
0.935935935935936,10.777794359780321,60.848561395696976,0.09860916295300662,10.859627860589672
0.9444444444444445,10.874152921116536,60.82762889409383,0.0986059935609949,10.958233854150667
0.952952952952953,10.970467640428076,60.80651051064021,0.09860279547636945,11.056836649627035
0.9614614614614615,11.06673813072403,60.78520634094335,0.09859956870238325,11.155436218329418
0.9699699699699701,11.16296400522731,60.7637164814497,0.09859631324232121,11.25403253157174
0.9784784784784786,11.259144877376528,60.74204102944441,0.09859302909951448,11.352625560671255
0.9869869869869871,11.355280360827832,60.7201800830509,0.09858971627728665,11.451215276948542
0.9954954954954955,11.4513700694568,60.69813374123032,0.0985863747790215,11.549801651727563
1.0040040040040041,11.547413617360295,60.67590210378107,0.09858300460812659,11.64838465633569
1.0125125125125125,11.643410618858317,60.65348527133828,0.09857960576802469,11.746964262103715
1.021021021021021,11.739360688495879,60.630883345373334,0.0985761782621845,11.8455404403659
1.0295295295295297,11.835263441044852,60.60809642819331,0.09857272209408995,11.94411316245999
1.038038038038038,11.931118491505838,60.58512462294052,0.09856923726726621,12.042682399727257
1.0465465465465467,12.026925455110028,60.561968033591924,0.09856572378526939,12.141248123512526
1.0550550550550553,12.12268394732104,60.538626764958686,0.09856218165166272,12.239810305164188
1.0635635635635636,12.218393583836788,60.51510092268557,0.09855861087006117,12.338368916034248
1.0720720720720722,12.31405398059134,60.49139061325045,0.09855501144410267,12.43692392747835
1.0805805805805806,12.40966475375676,60.46749594396377,0.0985513833774515,12.535475310855801
1.0890890890890892,12.505225519744968,60.443417022967964,0.09854772667380725,12.634023037529609
1.0975975975975978,12.600735895209588,60.41915395923699,0.09854404133688581,12.732567078866495
1.1061061061061062,12.696195497047794,60.39470686257568,0.0985403273704545,12.83110740623695
1.1146146146146148,12.791603942402155,60.370075843619276,0.09853658477827813,12.929643991015228
1.1231231231231231,12.886960848662493,60.34526101383281,0.09853281356418378,13.028176804579411
1.1316316316316317,12.982265833467723,60.32026248551058,0.09852901373200873,13.12670581831142
1.1401401401401403,13.077518514707688,60.29508037177556,0.09852518528562006,13.22523100359704
1.1486486486486487,13.172718510525012,60.26971478657884,0.09852132822892148,13.323752331825961
1.1571571571571573,13.267865439316937,60.244165844699054,0.0985174425658329,13.422269774391793
1.1656656656656659,13.362958919737169,60.218433661741784,0.09851352830032768,13.520783302692122
1.1741741741741742,13.457998570697711,60.192518354139004,0.09850958543638486,13.619292888128507
1.1826826826826828,13.552984011370695,60.166420039148484,0.09850561397801305,13.71779850210652
1.1911911911911912,13.647914861190227,60.14013883485316,0.09850161392927022,13.81630011603579
1.1996996996996998,13.742790739854229,60.1136748601606,0.09849758529423423,13.914797701330025
1.2082082082082084,13.837611267326244,60.08702823480239,0.09849352807698572,14.013291229407011
1.2167167167167168,13.932376063837301,60.06019907933346,0.09848944228168949,14.1117806716887
1.2252252252252254,14.027084749887718,60.03318751513158,0.09848532791247973,14.21026599960118
1.2337337337337337,14.121736946248957,60.0059936643967,0.09848118497356471,14.308747184574745
1.2422422422422423,14.21633227396543,59.97861765015031,0.09847701346916023,14.407224198043906
1.250750750750751,14.310870354356327,59.95105959623485,0.09847281340351445,14.50569701144742
1.2592592592592593,14.405350809017458,59.923319627313084,0.09846858478090598,14.604165596228327
1.267767767767768,14.499773259823066,59.89539786886747,0.09846432760564953,14.702629923833976
1.2762762762762765,14.594137328927637,59.867294447199505,0.09846004188207394,14.80108996571605
1.2847847847847849,14.68844263876774,59.83900948942913,0.09845572761454541,14.899545693330596
1.2932932932932935,14.782688812063837,59.81054312349404,0.09845138480746933,14.997997078138066
1.3018018018018018,14.876875471822096,59.78189547814908,0.0984470134652583,15.096444091603324
1.3103103103103104,14.971002241336228,59.753066682965596,0.09844261359237602,15.1948867051957
1.318818818818819,15.065068744189261,59.72405686833073,0.0984381851932938,15.293324890388993
1.3273273273273274,15.159074604255396,59.69486616544682,0.09843372827253061,15.391758618661523
1.335835835835836,15.253019445701801,59.66549470633069,0.0984292428346396,15.490187861496162
1.3443443443443446,15.346902892990407,59.63594262381307,0.09842472888416103,15.588612590380324
1.352852852852853,15.440724570879743,59.606210051537815,0.09842018642572122,15.687032776806046
1.3613613613613615,15.534484104426719,59.57629712396128,0.09841561546393622,15.785448392269982
1.36986986986987,15.628181118988449,59.54620397635168,0.09841101600346668,15.88385940827345
1.3783783783783785,15.721815240224053,59.51593074478835,0.09840638804900188,15.982265796322451
1.386886886886887,15.815386094096436,59.485477566161094,0.09840173160524264,16.080667527927694
1.3953953953953955,15.908893306874127,59.45484457816947,0.09839704667695758,16.179064574604652
1.403903903903904,16.002336505133048,59.424031919322125,0.09839233326890325,16.277456907873557
1.4124124124124124,16.09571531575832,59.39303972893606,0.09838759138588773,16.375844499259443
1.420920920920921,16.189029365946062,59.36186814713598,0.09838282103273809,16.474227320292183
1.4294294294294296,16.28227828320519,59.33051731485352,0.09837802221432602,16.57260534250651
1.437937937937938,16.37546169535919,59.298987373826584,0.09837319493553151,16.670978537442043
1.4464464464464466,16.468579230547938,59.26727846659863,0.09836833920128399,16.769346876643326
1.4549549549549552,16.561630517229453,59.235390736517914,0.09836345501651649,16.867710331659843
1.4634634634634636,16.65461518418173,59.203324327736816,0.09835854238622178,16.966068874046066
1.4719719719719722,16.747532860504478,59.171079385211065,0.09835360131539697,17.064422475361464
1.4804804804804805,16.840383175620943,59.138656054699055,0.09834863180907943,17.162771107170546
1.4889889889889891,16.933165759279674,59.106054482761074,0.09834363387234021,17.261114741042885
1.4974974974974977,17.025880241556298,59.07327481675858,0.09833860751026285,17.35945334855315
1.506006006006006,17.118526252855304,59.040317204853444,0.09833355272797252,17.45778690128112
1.5145145145145147,17.211103423911837,59.007181796007245,0.09832846953062639,17.55611537081175
1.523023023023023,17.303611385793445,58.973868739980475,0.09832335792339415,17.654438728735144
1.5315315315315317,17.396049769901886,58.94037818733179,0.09831821791150429,17.75275694664665
1.5400400400400402,17.488418207974863,58.906710289417276,0.09831304950017301,17.851069996146823
1.5485485485485486,17.580716332087825,58.87286519838966,0.09830785269468126,17.949377848841504
1.5570570570570572,17.672943774655725,58.83884306719755,0.09830262750032888,18.04768047634183
1.5655655655655658,17.76510016843479,58.80464404958468,0.09829737392243634,18.145977850264266
1.5740740740740742,17.857185146524262,58.77026830008912,0.09829209196634489,18.244269942230613
1.5825825825825828,17.949198342368224,58.7357159740425,0.09828678163746764,18.342556723868082
1.5910910910910911,18.041139389757276,58.7009872275692,0.09828144294119176,18.440838166809275
1.5995995995995997,18.133007922830373,58.66608221758565,0.09827607588296672,18.539114242692243
1.6081081081081083,18.22480357607654,58.631001101799406,0.09827068046827585,18.637384923160518
1.6166166166166167,18.31652598433663,58.595744038708496,0.09826525670259532,18.735650179863114
1.6251251251251253,18.408174782805098,58.5603111876005,0.09825980459147925,18.833909984454593
1.6336336336336337,18.499749607031738,58.52470270855184,0.0982543241404599,18.932164308595052
1.6421421421421423,18.59125009292344,58.48891876242692,0.09824881535514099,19.030413123950193
1.6506506506506509,18.682675876745936,58.452959510877314,0.09824327824113936,19.128656402191332
1.6591591591591592,18.774026595125555,58.41682511634099,0.09823771280409246,19.226894114995424
1.6676676676676678,18.86530188505095,58.38051574204146,0.098232119049668,19.325126234045094
1.6761761761761764,18.95650138387487,58.344031551986966,0.09822649698358595,19.42335273102868
1.6846846846846848,19.047624729315864,58.30737271096966,0.09822084661155685,19.521573577640236
1.6931931931931934,19.138671559460068,58.27053938456474,0.0982151679393706,19.61978874557961
1.7017017017017018,19.229641512762885,58.23353173912969,0.09820946097277719,19.717998206552387
1.7102102102102104,19.320534228050782,58.19634994180337,0.09820372571762293,19.816201932270012
1.718718718718719,19.41134934452297,58.15899416050517,0.09819796217975169,19.91439989444976
1.7272272272272273,19.502086501753183,58.12146456393424,0.09819217036504108,20.012592064814804
1.735735735735736,19.592745339691355,58.08376132156857,0.09818635027937339,20.110778415094178
1.7442442442442445,19.68332549866541,58.04588460366416,0.09818050192872098,20.208958917022898
1.7527527527527529,19.77382661938293,58.00783458125417,0.09817462531900882,20.307133542341905
1.7612612612612615,19.86424834293292,57.96961142614803,0.09816872045626024,20.405302262798166
1.7697697697697699,19.95459031078751,57.93121531093061,0.09816278734647131,20.503465050144637
1.7782782782782784,20.04485216480368,57.89264640896134,0.09815682599570716,20.601621876140346
1.786786786786787,20.13503354722497,57.8539048943733,0.09815083641004109,20.699772712550388
1.7952952952952954,20.225134100683224,57.81499094207241,0.09814481859557997,20.797917531145966
1.803803803803804,20.315153468200265,57.775904727736496,0.09813877255846076,20.896056303704427
1.8123123123123124,20.405091293189635,57.73664642781442,0.09813269830484717,20.994189002009275
1.820820820820821,20.494947219458304,57.697216219525195,0.09812659584094494,21.09231559785022
1.8293293293293296,20.58472089120835,57.65761428085709,0.098120465172956,21.190436063023178
1.837837837837838,20.6744119530387,57.61784079056674,0.09811430630714586,21.288550369330324
1.8463463463463465,20.764020049946815,57.57789592817821,0.09810811924979937,21.386658488580125
1.8548548548548551,20.853544827330406,57.537779873982174,0.09810190400721425,21.48476039258734
1.8633633633633635,20.942985930989106,57.49749280903491,0.0980956605857337,21.582856053173074
1.871871871871872,21.032343007126194,57.457034915157436,0.09808938899172599,21.680945442164802
1.8803803803803805,21.121615702350276,57.4164063749346,0.09808308923158084,21.77902853139638
1.888888888888889,21.210803663677012,57.37560737171415,0.09807676131174839,21.87710529270813
1.8973973973973977,21.299906538530735,57.33463808960579,0.09807040523864888,21.975175697946778
1.905905905905906,21.388923974746213,57.293498713480304,0.09806402101877575,22.073239718965553
1.9144144144144146,21.477855620570306,57.25218942896856,0.09805760865865487,22.17129732762421
1.922922922922923,21.56670112466364,57.210710422460636,0.09805116816480826,22.269348495789018
1.9314314314314316,21.65546013610232,57.16906188110484,0.09804469954381595,22.367393195332834
1.9399399399399402,21.744132304379576,57.1272439928068,0.09803820280226207,22.465431398135095
1.9484484484484486,21.83271727940748,57.085256946228455,0.09803167794680462,22.5634630760819
1.9569569569569571,21.92121471151858,57.043100930787205,0.0980251249840665,22.661488201065964
1.9654654654654657,22.0096242514676,57.00077613665487,0.09801854392073817,22.7595067449867
1.9739739739739741,22.097945550433103,56.95828275475676,0.09801193476354104,22.857518679750243
1.9824824824824827,22.186178260019187,56.91562097677074,0.09800529751921887,22.95552397726946
1.990990990990991,22.2743220322571,56.87279099512622,0.09799863219452971,23.05352260946399
1.9994994994994997,22.36237651960696,56.82979300300322,0.09799193879629572,23.151514548260284
2.0080080080080083,22.450341374959372,56.78662719433138,0.09798521733131062,23.249499765591594
2.016516516516517,22.53821625163713,56.743293763789,0.09797846780646689,23.34747823339806
2.025025025025025,22.62600080339684,56.69979290680204,0.09797169022861982,23.44544992362668
2.0335335335335336,22.713694684430603,56.65612481954314,0.09796488460471475,23.543414808231393
2.042042042042042,22.80129754936765,56.61228969893065,0.09795805094166367,23.641372859173057
2.050550550550551,22.888809053276006,56.56828774262762,0.09795118924646291,23.73932404841952
2.0590590590590594,22.976228851664146,56.524119149040814,0.0979442995261047,23.837268347945624
2.0675675675675675,23.0635566004826,56.47978411731971,0.09793738178759982,23.935205729733223
2.076076076076076,23.150791956125666,56.435282847355474,0.09793043603804777,24.03313616577127
2.0845845845845847,23.237934575432995,56.390615539780015,0.09792346228449401,24.131059628055766
2.0930930930930933,23.324984115691258,56.345782395964896,0.09791646053408042,24.228976088589846
2.101601601601602,23.411940234635786,56.30078361802039,0.09790943079394289,24.32688551938379
2.1101101101101105,23.498802590452186,56.2556194087944,0.0979023730712576,24.424787892455047
2.1186186186186187,23.58557084177798,56.210289971871525,0.09789528737319851,24.522683179828245
2.1271271271271273,23.672244647704275,56.16479551157192,0.0978881737070509,24.620571353535297
2.135635635635636,23.75882366777732,56.119136232950346,0.09788103208002617,24.718452385615322
2.1441441441441444,23.8453075620002,56.073312341795145,0.09787386249943376,24.816326248114756
2.152652652652653,23.931695990834424,56.027324044627164,0.09786666497258416,24.91419291308734
2.161161161161161,24.017988615201528,55.981171548698725,0.09785943950680841,25.01205235259415
2.16966966966967,24.10418509648477,55.93485506199258,0.09785218610952395,25.109904538703674
2.1781781781781784,24.190285096530673,55.88837479322089,0.09784490478810261,25.207749443491778
2.186686686686687,24.27628827765063,55.84173095182416,0.09783759554994827,25.305587039041725
2.1951951951951956,24.362194302622598,55.79492374797017,0.09783025840257167,25.403417297444296
2.2037037037037037,24.448002834692645,55.747953392552915,0.09782289335344331,25.501240190797738
2.2122122122122123,24.533713537576553,55.700820097191595,0.09781550041006283,25.599055691207802
2.220720720720721,24.61932607546145,55.653524074229495,0.09780807957998552,25.696863770787786
2.2292292292292295,24.70484011300742,55.606065536732906,0.0978006308708109,25.794664401658597
2.237737737737738,24.79025531534906,55.55844469849013,0.09779315429010421,25.892457555948702
2.2462462462462462,24.875571348097107,55.51066177401033,0.0977856498455054,25.990243205794208
2.254754754754755,24.960787877340046,55.46271697852246,0.09777811754470657,26.088021323338914
2.2632632632632634,25.04590456964567,55.41461052797423,0.09777055739535984,26.185791880734275
2.271771771771772,25.130921092062678,55.36634263903099,0.09776296940518295,26.283554850139456
2.2802802802802806,25.21583711212228,55.317913529074595,0.09775535358194587,26.3813102037214
2.288788788788789,25.300652297839772,55.26932341620241,0.09774770993340037,26.479057913654803
2.2972972972972974,25.385366317716112,55.2205725192261,0.09774003846737352,26.576797952122178
2.305805805805806,25.4699788407395,55.17166105767063,0.09773233919166968,26.674530291313847
2.3143143143143146,25.55448953638698,55.12258925177309,0.09772461211418038,26.772254903428028
2.322822822822823,25.63889807462597,55.07335732248164,0.0977168572427572,26.869971760670786
2.3313313313313317,25.723204125915863,55.023965491454355,0.09770907458533237,26.967680835256118
2.33983983983984,25.807407361209613,54.97441398105811,0.09770126414987365,27.06538209940599
2.3483483483483485,25.89150745195527,54.92470301436752,0.09769342594433245,27.163075525350322
2.356856856856857,25.975504070097536,54.874832815163735,0.0976855599767081,27.26076108532703
2.3653653653653657,26.059396888079387,54.82480360793339,0.09767766625504992,27.358438751582078
2.3738738738738743,26.143185578843557,54.77461561786742,0.09766974478739929,27.456108496369477
2.3823823823823824,26.226869815834146,54.72426907085995,0.09766179558185777,27.553770291951334
2.390890890890891,26.31044927299816,54.67376419350717,0.09765381864653543,27.65142411059787
2.3993993993993996,26.393923624787067,54.623101213106175,0.09764581398959099,27.74906992458746
2.407907907907908,26.47729254615832,54.57228035765383,0.09763778161917745,27.846707706206637
2.416416416416417,26.560555712576935,54.521301855845635,0.09762972154350387,27.944337427750142
2.424924924924925,26.643712800017028,54.47016593707454,0.09762163377081545,28.041959061520956
2.4334334334334335,26.72676348496335,54.41887283142985,0.0976135183093532,28.139572579830308
2.441941941941942,26.809707444412805,54.36742276969599,0.09760537516740998,28.23717795499772
2.4504504504504507,26.892544355876044,54.31581598335142,0.09759720435331537,28.334775159351036
2.4589589589589593,26.975273897378933,54.264052704567426,0.09758900587539455,28.43236416522643
2.4674674674674675,27.057895747464123,54.21213316620697,0.0975807797420302,28.529944944968463
2.475975975975976,27.140409585192568,54.16005760182351,0.0975725259616243,28.627517470930087
2.4844844844844847,27.22281509014504,54.10782624565982,0.09756424454260869,28.725081715472697
2.4929929929929933,27.305111942423665,54.05543933264684,0.0975559354934353,28.822637650966133
2.501501501501502,27.387299822653446,54.002897098402485,0.09754759882259403,28.920185249788727
2.5100100100100105,27.469378411983755,53.9501997792304,0.09753923453860885,29.017724484327335
2.5185185185185186,27.551347392089873,53.8973476121189,0.0975308426500024,29.115255326977337
2.527027027027027,27.633206445174494,53.84434083473963,0.09752242316537209,29.21277775014271
2.535535535535536,27.71495525396923,53.79117968544651,0.097513976093297,29.310291726236006
2.5440440440440444,27.79659350173612,53.7378644032744,0.0975055014424288,29.407797227678433
2.552552552552553,27.878120872269122,53.684395227938026,0.09749699922139914,29.50529422689983
2.561061061061061,27.95953704989563,53.63077239983069,0.09748846943890369,29.602782696338735
2.5695695695695697,28.04084171947799,53.57699616002309,0.09747991210367754,29.70026260844241
2.5780780780780783,28.122034566414918,53.52306675026213,0.0974713272244165,29.797733935666827
2.586586586586587,28.203115276643103,53.46898441296965,0.09746271480994718,29.895196650476773
2.5950950950950955,28.284083536638597,53.414749391241244,0.09745407486902839,29.9926507253458
2.6036036036036037,28.364939033418345,53.36036192884506,0.0974454074104895,30.09009613275629
2.6121121121121122,28.445681454541695,53.305822270220524,0.09743671244321214,30.187532845199502
2.620620620620621,28.526310488111825,53.25113066047714,0.09742798997606393,30.284960835175568
2.6291291291291294,28.606825822777253,53.19628734539326,0.09741924001795274,30.38238007519352
2.637637637637638,28.687227147733317,53.14129257141485,0.09741046257782944,30.47979053777135
2.646146146146146,28.76751415272362,53.08614658565423,0.09740165766466215,30.577192195436012
2.6546546546546548,28.84768652804151,53.03084963588884,0.09739282528743107,30.674585020723445
2.6631631631631634,28.927743964531594,52.975401970560036,0.09738396545519708,30.771968986178642
2.671671671671672,29.00768615359111,52.91980383877178,0.09737507817697437,30.869344064355616
2.6801801801801806,29.08751278717147,52.86405549028942,0.09736616346187128,30.966710227817487
2.688688688688689,29.16722355777968,52.80815717553843,0.09735722131898844,31.064067449136473
2.6971971971971973,29.246818158479794,52.75210914560316,0.09734825175747354,31.161415700893947
2.705705705705706,29.32629628289439,52.69591165222557,0.097339254786474,31.25875495568042
2.7142142142142145,29.405657625206,52.63956494780395,0.09733023041521154,31.35608518609563
2.722722722722723,29.48490188015856,52.583069285391666,0.09732117865289516,31.453406364748524
2.7312312312312317,29.56402874305884,52.526424918695895,0.09731209950877082,31.550718464257294
2.73973973973974,29.643037909777924,52.469632102076346,0.09730299299212436,31.648021457249417
2.7482482482482484,29.721929076752616,52.412691090543966,0.09729385911227634,31.745315316361694
2.756756756756757,29.800701940986883,52.35560213975968,0.09728469787854936,31.842600014240244
2.7652652652652656,29.879356200053273,52.2983655060331,0.09727550930030475,31.939875523540547
2.773773773773774,29.957891552094374,52.24098144632124,0.09726629338693676,32.03714181692748
2.7822822822822824,30.03630769582422,52.1834502182272,0.09725705014788733,32.13439886707537
2.790790790790791,30.11460433052971,52.125772079998924,0.09724777959256839,32.23164664666794
2.7992992992992995,30.192781156072062,52.067947290527854,0.09723848173050191,32.32888512839844
2.807807807807808,30.270837872888176,52.00997610934764,0.0972291565711657,32.42611428496961
2.8163163163163167,30.34877418199208,51.951858796632884,0.09721980412407825,32.52333408909369
2.824824824824825,30.426589784976358,51.89359561319776,0.09721042439883405,32.62054451349252
2.8333333333333335,30.50428438401352,51.835186820494734,0.09720101740501778,32.71774553089754
2.841841841841842,30.581857681857436,51.77663268061329,0.09719158315222885,32.81493711404977
2.8503503503503507,30.659309381844725,51.71793345627856,0.09718212165012745,32.9121192356999
2.8588588588588593,30.736639187896152,51.659089410850015,0.09717263290838528,33.00929186860828
2.8673673673673674,30.813846804518036,51.60010080832015,0.09716311693671743,33.106454985545
2.875875875875876,30.890931936803636,51.54096791331322,0.09715357374481551,33.20360855928981
2.8843843843843846,30.96789429043454,51.48169099108375,0.09714400334249339,33.300752562632304
2.892892892892893,31.04473357168206,51.42227030751541,0.09713440573949192,33.39788696837179
2.901401401401402,31.12144948740859,51.3627061291195,0.09712478094564726,33.49501174931744
2.9099099099099104,31.19804174506904,51.30299872303373,0.09711512897080476,33.59212687828825
2.9184184184184185,31.274510052712152,51.24314835702081,0.09710544982482938,33.68923232811308
2.926926926926927,31.350854118981907,51.18315529946716,0.09709574351760214,33.78632807163068
2.9354354354354357,31.427073653118917,51.123019819381504,0.09708601005909727,33.88341408168977
2.9439439439439443,31.503168364961752,51.06274218639358,0.09707624945923277,33.98049033114901
2.952452452452453,31.579137964948316,51.00232267075275,0.09706646172798915,34.077556792877
2.960960960960961,31.654982164117214,50.94176154332663,0.0970566468753901,34.174613439752385
2.9694694694694697,31.730700674109162,50.88105907559978,0.09704680491149478,34.27166024466388
2.9779779779779783,31.806293207168235,50.82021553967229,0.09703693584633989,34.36869718051022
2.986486486486487,31.881759476143312,50.75923120825848,0.09702703969001904,34.46572422020024
2.9949949949949954,31.957099194489388,50.69810635468542,0.09701711645268295,34.56274133665292
3.0035035035035036,32.03231207626894,50.6368412528917,0.09700716614446406,34.659748502797385
3.012012012012012,32.107397836153226,50.57543617742592,0.09699718877554617,34.75674569157293
3.020520520520521,32.18235618942369,50.51389140344543,0.09698718435613159,34.85373287592906
3.0290290290290294,32.25718685197327,50.452207206714846,0.09697715289647466,34.95071002882553
3.037537537537538,32.33188954030771,50.390383863604754,0.09696709440681213,35.04767712323235
3.046046046046046,32.406463971546884,50.32842165109027,0.09695700889743523,35.14463413212978
3.0545545545545547,32.480909863426234,50.26632084674962,0.09694689637872318,35.241581028508506
3.0630630630630633,32.55522693429792,50.204081728762894,0.09693675686091957,35.338517785369426
3.071571571571572,32.6294149031323,50.14170457591045,0.09692659035449352,35.43544437572392
3.0800800800800805,32.70347348951913,50.07918966757167,0.0969163968697898,35.532360772593705
3.088588588588589,32.77740241366898,50.016537283723466,0.09690617641727678,35.62926694901098
3.0970970970970972,32.85120139641443,49.953747704938934,0.09689592900737545,35.72616287801836
3.105605605605606,32.92487015921153,49.89082121238592,0.09688565465062007,35.82304853266898
3.1141141141141144,32.99840842414094,49.82775808782563,0.0968753533574738,35.91992388602645
3.122622622622623,33.07181591390936,49.76455861361114,0.09686502513853097,36.01678891116499
3.1311311311311316,33.145092351850764,49.70122307268613,0.09685467000430997,36.1136435811693
3.1396396396396398,33.218237461927714,49.63775174858331,0.09684428796544753,36.210487869134745
3.1481481481481484,33.29125096873264,49.574144925423084,0.09683387903254503,36.30732174816729
3.156656656656657,33.36413259748919,49.5104028879121,0.09682344321629432,36.404145191383584
3.1651651651651656,33.436882074053386,49.44652592134183,0.09681298052732451,36.50095817191091
3.173673673673674,33.50949912491507,49.382514311587144,0.09680249097639045,36.597760662887296
3.1821821821821823,33.58198347719902,49.31836834510486,0.09679197457418892,36.694552637461484
3.190690690690691,33.65433485866638,49.254088308932296,0.09678143133154138,36.79133406879303
3.1991991991991995,33.726552997715814,49.18967449068589,0.096770861259185,36.888104930052215
3.207707707707708,33.79863762338483,49.12512717855971,0.09676026436795405,36.984865194420166
3.2162162162162167,33.870588465351034,49.06044666132398,0.09674964066872509,37.08161483508889
3.224724724724725,33.942405253933416,48.995633228323726,0.09673899017234393,37.17835382526123
3.2332332332332334,34.01408772009357,48.93068716947724,0.09672831288972837,37.275082138150964
3.241741741741742,34.08563559543698,48.86560877527464,0.09671760883182362,37.37179974698279
3.2502502502502506,34.157048612214254,48.80039833677645,0.09670687800956147,37.46850662499235
3.258758758758759,34.228326503322364,48.735056145612134,0.09669612043393501,37.565202745426284
3.2672672672672673,34.29946900230597,48.66958249397861,0.09668533611598172,37.661888081542266
3.275775775775776,34.370475843358534,48.603977674638784,0.09667452506671702,37.75856260660898
3.2842842842842845,34.44134676132367,48.5382419809201,0.09666368729723804,37.85522629390622
3.292792792792793,34.512081491696335,48.472375706713066,0.0966528228186292,37.95187911672485
3.3013013013013017,34.58267977062405,48.40637914646982,0.09664193164199374,38.04852104836684
3.3098098098098103,34.653141334908156,48.34025259520253,0.09663101377854297,38.14515206214538
3.3183183183183185,34.723465922005026,48.27399634848207,0.09662006923940429,38.241772131384785
3.326826826826827,34.79365327002729,48.207610702436455,0.09660909803580957,38.33838122942059
3.3353353353353357,34.863703117745075,48.14109595374936,0.09659810017900138,38.43497932959959
3.3438438438438443,34.933615204587156,48.074452399658625,0.09658707568023207,38.531566405279825
3.352352352352353,35.00338927064226,48.00768033795484,0.09657602455079782,38.628142429830625
3.360860860860861,35.07302505666019,47.94078006697975,0.09656494680201427,38.72470737663264
3.3693693693693696,35.1425223040531,47.87375188562483,0.09655384244523617,38.821261219077876
3.377877877877878,35.21188075489666,47.80659609332975,0.09654271149184554,38.91780393056972
3.386386386386387,35.28110015193124,47.73931299008092,0.09653155395322272,39.01433548452294
3.3948948948948954,35.350180238563155,47.671902876409916,0.09652036984082753,39.11085585436376
3.4034034034034035,35.419120758865795,47.60436605339207,0.09650915916607382,39.20736501352984
3.411911911911912,35.48792145758088,47.53670282264485,0.0964979219405059,39.30386293547034
3.4204204204204207,35.55658208011958,47.46891348632645,0.0964866581755783,39.40034959364592
3.4289289289289293,35.625102372563774,47.40099834713421,0.09647536788288733,39.49682496152881
3.437437437437438,35.69348208166711,47.332957708303155,0.09646405107394022,39.593289012602746
3.445945945945946,35.76172095485634,47.26479187360441,0.09645270776039243,39.68974172036314
3.4544544544544546,35.829818740232334,47.19650114734372,0.09644133795384677,39.786183058316986
3.4629629629629632,35.89777518657133,47.12808583435995,0.09642994166591458,39.8826129999829
3.471471471471472,35.9655900433261,47.059546240023494,0.09641851890833188,39.97903151889123
3.4799799799799804,36.033263060627114,46.9908826702348,0.09640706969278888,40.07543858858402
3.488488488488489,36.10079398928362,46.92209543142282,0.09639559403098648,40.17183418261501
3.496996996996997,36.16818258078491,46.853184830543455,0.0963840919347268,40.26821827454973
3.5055055055055058,36.23542858730137,46.78415117507806,0.09637256341577341,40.36459083796551
3.5140140140140144,36.30253176168573,46.71499477303187,0.09636100848596212,40.46095184645147
3.522522522522523,36.369491857474095,46.645715932932475,0.09634942715711725,40.55730127360859
3.5310310310310316,36.43630862888716,46.57631496382828,0.09633781944110648,40.65363909304969
3.5395395395395397,36.50298183083133,46.50679217528693,0.09632618534984717,40.749965278399536
3.5480480480480483,36.569511218899855,46.437147877393784,0.09631452489527162,40.846279803294806
3.556556556556557,36.635896549373925,46.36738238075036,0.09630283808930816,40.942582641384114
3.5650650650650655,36.70213757922384,46.29749599647279,0.09629112494393606,41.03887376632805
3.573573573573574,36.76823406611011,46.227489036190235,0.09627938547119294,41.135153151799244
3.5820820820820822,36.83418576838457,46.15736181204335,0.09626761968308387,41.23142077148233
3.590590590590591,36.89999244509153,46.08711463668272,0.09625582759168677,41.32767659907401
3.5990990990990994,36.965653855968796,46.01674782326727,0.09624400920908174,41.42392060828309
3.607607607607608,37.03116976144892,45.94626168546273,0.09623216454742099,41.520152772830514
3.6161161161161166,37.09653992266016,45.87565653744005,0.09622029361880012,41.61637306644931
3.6246246246246248,37.16176410142766,45.80493269387383,0.09620839643541113,41.71258146288472
3.6331331331331334,37.22684206027454,45.73409046994074,0.09619647300947756,41.8087779358942
3.641641641641642,37.291773562422975,45.66313018131795,0.09618452335319312,41.90496245924739
3.6501501501501505,37.35655837179528,45.59205214418158,0.09617254747881916,42.001135006726216
3.658658658658659,37.42119625301501,45.52085667520503,0.09616054539865429,42.09729555212487
3.6671671671671677,37.485686971408036,45.4495440915575,0.09614851712499121,42.193444069249864
3.675675675675676,37.55003029300362,45.378114710902345,0.09613646267016457,42.28958053192003
3.6841841841841845,37.61422598453551,45.30656885139548,0.09612438204655853,42.38570491396659
3.692692692692693,37.67827381344297,45.23490683168384,0.09611227526654346,42.48181718923313
3.7012012012012017,37.7421735478719,45.16312897090371,0.09610014234255071,42.577917331575684
3.7097097097097103,37.80592495667585,45.091235588679226,0.09608798328701126,42.6740053148627
3.7182182182182184,37.86952780941711,45.01922700512067,0.09607579811240372,42.7700811129751
3.726726726726727,37.93298187636777,44.947103540822944,0.09606358683124593,42.86614469980635
3.7352352352352356,37.99628692851074,44.87486551686395,0.0960513494560322,42.96219604926238
3.743743743743744,38.05944273754088,44.80251325480297,0.09603908599935679,43.05823513526174
3.752252252252253,38.1224490758659,44.730047076679064,0.09602679647375921,43.1542619317355
3.760760760760761,38.18530571660755,44.657467305009476,0.09601448089186534,43.250276412627365
3.7692692692692695,38.248012433602604,44.58477426278799,0.09600213926633387,43.3462785518937
3.777777777777778,38.31056900140386,44.51196827348333,0.09598977160980776,43.442268323503505
3.7862862862862867,38.37297519528122,44.439049661037586,0.09597737793496673,43.53824570143847
3.7947947947947953,38.43523079122268,44.36601874986451,0.09596495825454245,43.63421065969301
3.8033033033033035,38.49733556593538,44.292875864847964,0.09595251258126983,43.73016317227428
3.811811811811812,38.55928929684663,44.21962133134025,0.095940040927948,43.82610321320223
3.8203203203203207,38.621091762104875,44.14625547516053,0.09592754330733215,43.922030756509564
3.8288288288288292,38.68274274058079,44.07277862259314,0.09591501973230149,44.017945776241866
3.837337337337338,38.7442420118682,43.99919110038603,0.09590247021565594,44.11384824645752
3.845845845845846,38.80558935628517,43.92549323574907,0.09588989477030807,44.20973814122783
3.8543543543543546,38.86678455487491,43.851685356352434,0.09587729340916447,44.305615434637
3.862862862862863,38.92782738940688,43.77776779032498,0.09586466614514547,44.401480100782145
3.8713713713713718,38.98871764237768,43.70374086625259,0.09585201299121339,44.49733211377336
3.8798798798798804,39.049455097012135,43.62960491317653,0.09583933396037461,44.59317144773374
3.888388388388389,39.110039537264214,43.5553602605918,0.09582662906564728,44.688998076799386
3.896896896896897,39.17047074781802,43.48100723844554,0.09581389832002565,44.78481197511941
3.9054054054054057,39.23074851408882,43.4065461771353,0.0958011417366483,44.88061311685606
3.9139139139139143,39.29087262222395,43.33197740750742,0.09578835932857083,44.976401476184634
3.922422422422423,39.350842859103835,43.25730126085545,0.09577555110891624,45.07217702729355
3.9309309309309315,39.41065901234293,43.18251806891836,0.0957627170908509,45.1679397443844
3.9394394394394396,39.470320870290706,43.10762816387901,0.09574985728753338,45.263689601671935
3.9479479479479482,39.5298282220326,43.03263187836238,0.09573697171221607,45.35942657338415
3.956456456456457,39.589180857390936,42.95752954543403,0.09572406037805153,45.4551506337622
3.9649649649649654,39.648378566925956,42.882321498598294,0.0957111232983842,45.55086175706059
3.973473473473474,39.7074211419367,42.80700807179677,0.0956981604864344,45.64655991754702
3.981981981981982,39.766308374461964,42.73158959940653,0.09568517195554394,45.74224508950257
3.9904904904904908,39.82504005728127,42.656066416238495,0.09567215771905958,45.837917247221625
3.9989989989989994,39.88361598391576,42.58043885753578,0.09565911779031538,45.93357636501194
4.0075075075075075,39.94203594862917,42.50470725897199,0.09564605218273874,46.029222417194674
4.0160160160160165,40.00029974642874,42.428871956649544,0.09563296090975014,46.12485537810442
4.024524524524525,40.05840717306613,42.35293328709804,0.0956198439847739,46.22047522208919
4.033033033033034,40.11635802503835,42.27689158727253,0.09560670142128817,46.31608192351048
4.041541541541542,40.174152099588696,42.200747194551866,0.09559353323279489,46.411675456743275
4.05005005005005,40.231789194707645,42.12450044673697,0.09558033943285402,46.50725579617613
4.058558558558559,40.28926910913374,42.0481516820492,0.09556712003497374,46.6028229162111
4.067067067067067,40.34659164235456,41.97170123912866,0.09555387505276032,46.69837679126386
4.075575575575576,40.40375659460757,41.895149457032474,0.09554060449982202,46.793917395763685
4.084084084084084,40.46076376688103,41.81849667523312,0.09552730838977422,46.88944470415346
4.092592592592593,40.5176129609149,41.74174323361671,0.09551398673631405,46.984958690889776
4.101101101101102,40.57430397920175,41.664889472481335,0.09550063955311004,47.080459330442885
4.10960960960961,40.63083662498758,41.587935732535335,0.09548726685387161,47.17594659729676
4.118118118118119,40.687210702272765,41.510882354895614,0.09547386865234635,47.271420465949106
4.126626626626627,40.74342601581293,41.43372968108593,0.09546044496231246,47.36688091091142
4.135135135135135,40.79948237111978,41.35647805303519,0.09544699579755028,47.46232790670897
4.143643643643644,40.855379574462034,41.279127813075746,0.09543352117190729,47.55776142788088
4.152152152152152,40.91111743286624,41.20167930394171,0.09542002109920322,47.65318144898008
4.160660660660661,40.96669575411766,41.1241328687672,0.09540649559333175,47.74858794457341
4.1691691691691695,41.02211434676113,41.04648885108466,0.09539294466819358,47.8439808892416
4.1776776776776785,41.07737302010191,40.96874759482314,0.09537936833771843,47.93936025757932
4.186186186186187,41.13247158420655,40.8909094443066,0.09536576661585022,48.034726024195166
4.194694694694695,41.1874098499037,40.81297474425214,0.09535213951658421,48.13007816371175
4.203203203203204,41.24218762878504,40.734943839768306,0.0953384870539575,48.22541665076571
4.211711711711712,41.29680473320599,40.656817076353434,0.09532480924193963,48.320741460007646
4.220220220220221,41.35126097628665,40.57859479989381,0.09531110609465608,48.4160525661023
4.228728728728729,41.40555617191261,40.50027735666204,0.09529737762615421,48.511349943728455
4.237237237237237,41.45969013473574,40.42186509331529,0.09528362385056481,48.60663356757902
4.245745745745746,41.513662680175074,40.343358356893525,0.09526984478205971,48.70190341236108
4.2542542542542545,41.567473624417566,40.26475749481784,0.09525604043476185,48.79715945279584
4.262762762762764,41.62112278441895,40.186062854888704,0.09524221082288613,48.89240166361873
4.271271271271272,41.67460997790455,40.1072747852842,0.09522835596066286,48.98763001957939
4.27977977977978,41.72793502337007,40.02839363455832,0.09521447586233066,49.08284449544172
4.288288288288289,41.7810977400824,39.94941975163922,0.0952005705421727,49.178045065983895
4.296796796796797,41.83409794808044,39.87035348582748,0.09518664001449001,49.273231705998384
4.305305305305306,41.88693546817587,39.79119518679437,0.09517268429360583,49.36840439029199
4.313813813813814,41.93961012195393,39.7119452045801,0.09515870339386259,49.463563093685856
4.322322322322322,41.99212173177429,39.63260388959205,0.09514469732968966,49.55870779101554
4.330830830830831,42.04447012077171,39.55317159260309,0.09513066611543859,49.65383845713098
4.33933933933934,42.096655112856936,39.47364866474979,0.0951166097655749,49.748955066896556
4.347847847847849,42.14867653271739,39.39403545753062,0.09510252829457087,49.844057595191124
4.356356356356357,42.200534205818,39.31433232280433,0.09508842171687781,49.939146016908005
4.364864864864865,42.25222795840193,39.23453961278809,0.09507429004701905,50.03422030695502
4.373373373373374,42.3037576174914,39.15465768005572,0.09506013329958905,50.12928044025461
4.381881881881882,42.355123010888356,39.07468687753607,0.09504595148906422,50.22432639174367
4.390390390390391,42.40632396717532,38.994627558511084,0.09503174463011493,50.319358136373786
4.398898898898899,42.45736031571609,38.91448007661418,0.09501751273733179,50.414375649111115
4.407407407407407,42.50823188665647,38.834244785828446,0.09500325582533416,50.50937890493645
4.4159159159159165,42.55893851092509,38.75392204048482,0.09498897390885214,50.6043678788453
4.424424424424425,42.60948002023408,38.673512195260415,0.09497466700253933,50.69934254584784
4.432932932932934,42.65985624707982,38.5930156051767,0.09496033512113781,50.79430288096898
4.441441441441442,42.7100670247437,38.51243262559777,0.09494597827939029,50.88924885924837
4.44994994994995,42.760112187292805,38.4317636122285,0.09493159649209103,50.98418045574046
4.458458458458459,42.809991569580674,38.351008921112864,0.09491718977404091,51.0790976455145
4.466966966966967,42.859705007248,38.27016890863214,0.09490275814004356,51.174000403654546
4.475475475475476,42.909252336723384,38.18924393150306,0.09488830160501326,51.268888705259556
4.483983983983984,42.958633395223956,38.108234346776165,0.09487382018376031,51.36376252544331
4.4924924924924925,43.0078480207562,38.02714051183392,0.09485931389125137,51.45862183933456
4.5010010010010015,43.056896052116606,37.94596278438898,0.09484478274241623,51.553466622076975
4.50950950950951,43.1057773288923,37.864701522482434,0.09483022675216306,51.64829684882914
4.518018018018019,43.154491691461885,37.783357084481935,0.09481564593556255,51.7431124947647
4.526526526526527,43.203038980996,37.701929829080036,0.09480104030755686,51.83791353507226
4.535035035035035,43.2514190394581,37.620420115292305,0.0947864098832434,51.9326999449555
4.543543543543544,43.299631709605066,37.5388283024556,0.09477175467764784,52.027471699633146
4.552052052052052,43.347676834987936,37.45715475022625,0.09475707470587943,52.12222877433903
4.560560560560561,43.395554259952576,37.375399818578295,0.09474236998305877,52.21697114432209
4.569069069069069,43.443263829640316,37.29356386780165,0.09472764052432878,52.31169878484641
4.577577577577578,43.49080538998865,37.21164725850035,0.09471288634487207,52.406411671191286
4.586086086086087,43.53817878773191,37.12965035159077,0.0946981074598604,52.50110977865115
4.594594594594595,43.585383870401884,37.04757350829976,0.09468330388455798,52.59579308253571
4.603103103103104,43.632420486328485,36.965417090162944,0.09466847563417487,52.69046155816988
4.611611611611612,43.67928848464043,36.88318145902285,0.09465362272400415,52.78511518089388
4.620120120120121,43.72598771526586,36.80086697702713,0.09463874516936097,52.879753926063245
4.628628628628629,43.77251802893297,36.71847400662678,0.0946238429855428,52.974377769048786
4.637137137137137,43.81887927717068,36.636002910574305,0.0946089161879292,53.068986685236716
4.645645645645646,43.86507131230928,36.553454051921946,0.09459396479190975,53.16358065002863
4.6541541541541545,43.911093987480996,36.47082779401987,0.0945789888128525,53.258159638841484
4.6626626626626635,43.956947156620686,36.38812450051434,0.09456398826622683,53.35272362710771
4.671171171171172,44.0026306744664,36.3053445353459,0.0945489631674888,53.4472725902752
4.67967967967968,44.04814439656006,36.22248826274767,0.09453391353208591,53.54180650380729
4.688188188188189,44.09348817924804,36.139556047243374,0.09451883937557208,53.63632534318286
4.696696696696697,44.13866187968176,36.056548253645644,0.09450374071347117,53.73082908389633
4.705205205205206,44.18366535581834,35.97346524705418,0.09448861756133949,53.82531770145767
4.713713713713714,44.22849846642114,35.89030739285391,0.09447346993476609,53.91979117139244
4.722222222222222,44.273161071060414,35.80707505671323,0.0944582978493682,54.01424946924181
4.730730730730731,44.31765303011389,35.72376860458212,0.09444310132079087,54.1086925705626
4.7392392392392395,44.3619742047673,35.64038840269036,0.09442788036469066,54.203120450927294
4.7477477477477485,44.40612445701507,35.55693481754571,0.09441263499679158,54.29753308592409
4.756256256256257,44.45010364966079,35.47340821593213,0.09439736523273738,54.391930451156824
4.764764764764765,44.493911646317905,35.38980896490785,0.09438207108837302,54.4863125222452
4.773273273273274,44.53754831141018,35.30613743180365,0.09436675257940484,54.580679274824604
4.781781781781782,44.58101351017231,35.22239398422103,0.09435140972160896,54.675030684546215
4.790290290290291,44.62430710865054,35.13857899003027,0.09433604253089739,54.76936672707711
4.798798798798799,44.66742897370312,35.05469281736879,0.09432065102300852,54.863687378100124
4.807307307307307,44.710378973000914,34.97073583463915,0.09430523521388184,54.957992613314005
4.815815815815816,44.753156975028034,34.886708410507296,0.09428979511944414,55.05228240843345
4.824324324324325,44.79576284908218,34.80261091390078,0.09427433075551911,55.146556739188966
4.832832832832834,44.83819646527541,34.718443714006796,0.09425884213816732,55.24081558132713
4.841341341341342,44.88045769453453,34.634207180270494,0.09424332928329145,55.33505891061043
4.84984984984985,44.92254640860169,34.54990168239305,0.09422779220692366,55.42928670281735
4.858358358358359,44.96446248003489,34.46552759032984,0.09421223092509616,55.523498933742445
4.866866866866867,45.00620578220854,34.38108527428866,0.09419664545385774,55.6176955791963
4.875375375375376,45.04777618931393,34.29657510472783,0.09418103580927494,55.71187661500558
4.883883883883884,45.08917357635979,34.21199745235438,0.09416540200747071,55.80604201701305
4.892392392392392,45.13039781917281,34.12735268812223,0.09414974406456814,55.900191761077615
4.9009009009009015,45.17144879439811,34.04264118323029,0.09413406199673638,55.99432582307435
4.90940940940941,45.21232637949977,33.95786330912068,0.09411835582014598,56.08844417889449
4.917917917917919,45.25303045276133,33.873019437476884,0.09410262555099953,56.182546804445494
4.926426426426427,45.29356089328628,33.78810994022186,0.09408687120554128,56.276633675651034
4.934934934934935,45.33391758099857,33.703135189516225,0.09407109280002998,56.37070476845106
4.943443443443444,45.37410039664309,33.618095557756405,0.09405529035076486,56.46476005880183
4.951951951951952,45.41410922178612,33.53299141757282,0.09403946387401674,56.55879952267585
4.960460460460461,45.45394393881588,33.447823141827975,0.09402361338616928,56.65282313606202
4.968968968968969,45.493604430942945,33.36259110361465,0.09400773890355424,56.746830874965575
4.977477477477478,45.53309058220073,33.27729567625404,0.09399184044256684,56.840822715408144
4.9859859859859865,45.572402277445995,33.19193723329394,0.09397591801961505,56.93479863342776
4.994494494494495,45.61153940235927,33.10651614850681,0.09395997165116152,57.02875860507892
5.003003003003004,45.65050184344531,33.021032795888004,0.09394400135365166,57.12270260643257
5.011511511511512,45.68928948803357,32.93548754965389,0.09392800714355709,57.21663061357613
5.020020020020021,45.72790222427867,32.84988078423996,0.09391198903744999,57.31054260261358
5.028528528528529,45.766339941160794,32.764212874299055,0.09389594705179058,57.40443854966537
5.037037037037037,45.80460252848617,32.67848419469941,0.0938798812032221,57.49831843086859
5.045545545545546,45.8426898768875,32.59269512052286,0.09386379150829631,57.59218222237689
5.054054054054054,45.880601877824375,32.50684602706299,0.09384767798363156,57.68602990036052
5.062562562562563,45.91833842358376,32.42093728982323,0.09383154064588752,57.77986144100641
5.071071071071072,45.955899407280334,32.334969284515026,0.09381537951170581,57.873676820518114
5.07957957957958,45.993284722856984,32.248942387055955,0.09379919459781733,57.96747601511593
5.088088088088089,46.030494265085196,32.1628569735679,0.09378298592091626,58.061259001036845
5.096596596596597,46.067527929565436,32.07671342037516,0.09376675349773865,58.155025754534584
5.105105105105106,46.10438561272764,31.990512104002573,0.09375049734508999,58.248776251879676
5.113613613613614,46.141067211831505,31.9042534011737,0.09373421747972417,58.3425104693594
5.122122122122122,46.177572624967,31.817937688808936,0.09371791391847124,58.436228383277864
5.130630630630631,46.2139017510547,31.731565344023583,0.09370158667821986,58.529929969956086
5.1391391391391394,46.25005448984617,31.645136744126088,0.09368523577579163,58.62361520573188
5.1476476476476485,46.28603074192439,31.558652266616118,0.09366886122809535,58.71728406695998
5.156156156156157,46.32183040870411,31.472112289182693,0.09365246305205464,58.81093653001203
5.164664664664665,46.35745339243225,31.38551718970231,0.0936360412646372,58.90457257127667
5.173173173173174,46.392899596188236,31.298867346237103,0.0936195958827843,58.99819216715945
5.181681681681682,46.42816892388442,31.21216313703295,0.09360312692350874,59.091795294082964
5.190190190190191,46.46326128026641,31.12540494051759,0.09358663440383973,59.185381928486805
5.198698698698699,46.498176570913444,31.0385931352988,0.09357011834080431,59.27895204682761
5.207207207207207,46.532914702238756,30.951728100162455,0.09355357875149985,59.37250562557911
5.215715715715716,46.5674755814899,30.864810214070687,0.09353701565302325,59.46604264123213
5.2242242242242245,46.60185911674913,30.777839856160043,0.09352042906246914,59.5595630702946
5.2327327327327335,46.63606521693374,30.690817405739526,0.09350381899703569,59.65306688929164
5.241241241241242,46.670093791796354,30.60374324228883,0.09348718547383685,59.74655407476548
5.24974974974975,46.70394475192536,30.516617745456347,0.09347052851012679,59.8400246032756
5.258258258258259,46.73761800874516,30.429441295057376,0.09345384812310391,59.933478451398706
5.266766766766767,46.771113474516504,30.3422142710722,0.09343714433002372,60.02691559572873
5.275275275275276,46.80443106233686,30.254937053644237,0.09342041714815469,60.120336012876884
5.283783783783784,46.83757068614069,30.167610023078133,0.09340366659479968,60.213739679471686
5.292292292292292,46.870532260699775,30.080233559837893,0.09338689268728957,60.30712657215898
5.300800800800801,46.90331570162355,29.992808044544994,0.09337009544298157,60.400496667601956
5.3093093093093096,46.93592092535935,29.905333857976544,0.09335327487921108,60.49384994248117
5.317817817817819,46.96834784919279,29.817811381063315,0.09333643101343893,60.58718637349461
5.326326326326327,47.000596391247996,29.730240994887957,0.09331956386303869,60.68050593735765
5.334834834834835,47.03266647048794,29.64262308068305,0.0933026734454829,60.77380861080314
5.343343343343344,47.06455800671469,29.55495801982923,0.09328575977825697,60.86709437058139
5.351851851851852,47.096270920569744,29.467246193853345,0.09326882287882546,60.96036319346022
5.360360360360361,47.12780513353427,29.379487984426497,0.09325186276476445,61.053615056224984
5.368868868868869,47.15916056792939,29.291683773362244,0.09323487945357532,61.14684993567856
5.377377377377378,47.19033714691646,29.203833942614636,0.09321787296286312,61.24006780864142
5.3858858858858865,47.22133479449736,29.115938874276374,0.09320084331022617,61.33326865195165
5.394394394394395,47.25215343551467,29.027998950576926,0.0931837905132577,61.42645244246491
5.402902902902904,47.282792995652045,28.940014553880587,0.09316671458965589,61.519619157054564
5.411411411411412,47.313253401434395,28.851986066684653,0.09314961555707163,61.61276877261164
5.419919919919921,47.34353458022815,28.763913871617497,0.09313249343320842,61.70590126604485
5.428428428428429,47.3736364602415,28.675798351436722,0.09311534823575841,61.7990166142806
5.436936936936937,47.40355897052467,28.587639889027184,0.09309817998253482,61.892114794263136
5.445445445445446,47.43330204097012,28.49943886739919,0.09308098869127344,61.98519578295441
5.453953953953954,47.46286560231277,28.411195669686585,0.09306377437975659,62.07825955733417
5.462462462462463,47.49224958613029,28.322910679144822,0.09304653706585529,62.17130609440002
5.4709709709709715,47.52145392484325,28.234584279149132,0.09302927676736962,62.26433537116739
5.47947947947948,47.550478551715386,28.14621685319258,0.0930119935022004,62.35734736466959
5.487987987987989,47.5793234008538,28.057808784884166,0.09299468728827051,62.45034205195786
5.496496496496497,47.60798840720918,27.96936045794703,0.09297735814343343,62.5433194101013
5.505005005005006,47.63647350657597,27.880872256216414,0.092960006085704,62.636279416187
5.513513513513514,47.664778635592654,27.79234456363789,0.09294263113302115,62.72922204732002
5.522022022022022,47.692903731741865,27.703777764265418,0.09292523330337195,62.82214728062339
5.530530530530531,47.720848733350635,27.615172242259405,0.09290781261482932,62.91505509323822
5.539039039039039,47.74861357959056,27.52652838188492,0.09289036908537948,63.007945462323605
5.547547547547548,47.776198210477986,27.43784656750969,0.09287290273313237,63.10081836505674
5.556056056056057,47.803602566874204,27.34912718360229,0.09285541357616202,63.1936737786329
5.564564564564565,47.83082659048564,27.260370614730164,0.09283790163262176,63.28651168026552
5.573073073073074,47.85787022386396,27.171577245557817,0.09282036692061515,63.37933204718613
5.581581581581582,47.88473341040633,27.082747460844878,0.0928028094583181,63.47213485664445
5.590090090090091,47.9114160943555,26.99388164544414,0.09278522926398103,63.56492008590843
5.598598598598599,47.937918220800036,26.904980184299816,0.09276762635573833,63.65768771226417
5.607107107107107,47.96423973567439,26.81604346244549,0.09275000075188629,63.750437713016055
5.615615615615616,47.99038058575914,26.727071865002273,0.09273235247070488,63.84317006548676
5.624124124124124,48.01634071868108,26.638065777176976,0.09271468153043033,63.93588474701719
5.6326326326326335,48.042120082913364,26.54902558426008,0.0926969879494427,64.02858173496664
5.641141141141142,48.06771862777566,26.459951671623962,0.0926792717460256,64.12126100671266
5.64964964964965,48.09313630343432,26.370844424720907,0.09266153293859719,64.21392253965125
5.658158158158159,48.118373060902414,26.28170422908125,0.09264377154552714,64.30656631119678
5.666666666666667,48.14342885203993,26.192531470311504,0.09262598758520268,64.39919229878198
5.675175175175176,48.1683036295539,26.103326534092385,0.09260818107611386,64.4918004798581
5.683683683683684,48.192997346998446,26.014089806176987,0.09259035203668972,64.5843908318948
5.692192192192192,48.217509958774976,25.924821672388845,0.09257250048542752,64.67696333238023
5.700700700700701,48.24184142013224,25.835522518620035,0.09255462644085131,64.76951795882108
5.7092092092092095,48.26599168716644,25.746192730829296,0.09253672992148382,64.86205468874256
5.7177177177177185,48.28996071682134,25.656832695040112,0.09251881094589225,64.95457349968845
5.726226226226227,48.313748466888356,25.56744279733883,0.09250086953264962,65.0470743692211
5.734734734734735,48.33735489600666,25.478023423872713,0.09248290570040783,65.1395572749215
5.743243243243244,48.36077996366322,25.388574960848107,0.09246491946775702,65.23202219438926
5.751751751751752,48.38402363019294,25.29909779452852,0.09244691085335323,65.32446910524261
5.760260260260261,48.407085856778714,25.20959231123265,0.09242887987593885,65.41689798511855
5.768768768768769,48.42996660545147,25.120058897332623,0.09241082655414112,65.5093088116727
5.777277277277278,48.452665839090294,25.03049793925194,0.09239275090676562,65.60170156257946
5.785785785785786,48.47518352142245,24.940909823463716,0.09237465295250777,65.69407621553198
5.7942942942942945,48.497519617023464,24.851294936488674,0.09235653271018307,65.78643274824216
5.802802802802804,48.51967409131717,24.761653664893274,0.09233839019861087,65.87877113844077
5.811311311311312,48.54164691057575,24.671986395287874,0.09232022543656197,65.97109136387733
5.819819819819821,48.563438041919795,24.582293514324725,0.09230203844294582,66.06339340232029
5.828328328328329,48.58504745331838,24.492575408696148,0.09228382923662148,66.15567723155691
5.836836836836837,48.60647511358904,24.402832465132615,0.09226559783647535,66.24794282939338
5.845345345345346,48.62772099239783,24.313065070400828,0.09224734426144911,66.34019017365483
5.853853853853854,48.64878506025937,24.22327361130184,0.09222906853048576,66.43241924218532
5.862362362362363,48.66966728853686,24.133458474669116,0.09221077066258411,66.52463001284791
5.8708708708708714,48.690367649442095,24.043620047366723,0.09219245067669278,66.6168224635246
5.87937937937938,48.71088611603549,23.953758716287318,0.09217410859187425,66.70899657211648
5.887887887887889,48.73122266222608,23.86387486835032,0.09215574442715804,66.80115231654364
5.896396396396397,48.751377262771555,23.773968890499983,0.09213735820161492,66.89328967474525
5.904904904904906,48.77134989327823,23.68404116970348,0.09211894993436368,66.98540862467961
5.913413413413414,48.791140530201076,23.594092092949083,0.0921005196444651,67.07750914432407
5.921921921921922,48.81074915084368,23.504122047244145,0.09208206735110801,67.16959121167518
5.930430430430431,48.83017573335829,23.414131419613245,0.09206359307348584,67.26165480474867
5.938938938938939,48.84942025674573,23.324120597096375,0.09204509683070199,67.35369990157938
5.947447447447448,48.86848270085544,23.234089966746897,0.09202657864204264,67.44572648022142
5.9559559559559565,48.88736304638543,23.144039915629733,0.09200803852672718,67.53773451874815
5.964464464464465,48.90606127488226,23.053970830819473,0.0919894765039865,67.62972399525214
5.972972972972974,48.924577368741026,22.96388309939838,0.09197089259317627,67.72169488784532
5.981481481481482,48.942911311205265,22.873777108454615,0.09195228681354244,67.81364717465885
5.989989989989991,48.96106308636699,22.783653245080266,0.09193365918443608,67.90558083384329
5.998498498498499,48.97903267916659,22.693511896369458,0.09191500972521914,67.9974958435685
6.007007007007007,48.99682007539286,22.603353449416453,0.0918963384552838,68.08939218202379
6.015515515515516,49.014425261682796,22.513178291313757,0.09187764539402093,68.18126982741781
6.024024024024024,49.03184822552173,22.42298680915023,0.09185893056086787,68.27312875797868
6.032532532532533,49.04908895524313,22.33277939000918,0.09184019397527332,68.36496895195395
6.041041041041042,49.06614744002859,22.242556420966466,0.09182143565670352,68.45679038761065
6.04954954954955,49.08302366990776,22.152318289088583,0.0918026556246864,68.54859304323534
6.058058058058059,49.099717635758246,22.062065381430788,0.09178385389873192,68.64037689713408
6.066566566566567,49.11622932930556,21.97179808503521,0.09176503049837365,68.73214192763245
6.075075075075076,49.13255874312304,21.881516786928902,0.09174618544322528,68.82388811307568
6.083583583583584,49.148705870631716,21.791221874122048,0.09172731875280547,68.91561543182848
6.092092092092092,49.16467070610029,21.70091373360592,0.09170843044682131,69.0073238622753
6.100600600600601,49.18045324464498,21.61059275235108,0.09168952054488769,69.09901338282019
6.109109109109109,49.19605348222946,21.52025931730553,0.0916705890666192,69.19068397188681
6.1176176176176185,49.21147141566472,21.429913815392656,0.09165163603178815,69.2823356079186
6.126126126126127,49.22670704260899,21.339556633509495,0.09163266146004705,69.37396826937865
6.134634634634635,49.24176036156763,21.24918815852476,0.09161366537115098,69.4655819347498
6.143143143143144,49.25663137189298,21.158808777276928,0.09159464778488777,69.5571765825347
6.151651651651652,49.27132007378425,21.06841887657241,0.09157560872100995,69.64875219125571
6.160160160160161,49.28582646828744,20.978018843183616,0.09155654819933387,69.74030873945505
6.168668668668669,49.30015055729512,20.887609063847066,0.09153746623969673,69.83184620569475
6.177177177177178,49.314292343546384,20.797189925261495,0.09151836286195826,69.9233645685567
6.185685685685686,49.32825183062667,20.706761814085993,0.09149923808597302,70.01486380664268
6.1941941941941945,49.34202902296761,20.616325116938057,0.09148009193166981,70.10634389857435
6.2027027027027035,49.35562392584692,20.525880220391716,0.0914609244189902,70.19780482299335
6.211211211211212,49.36903654538821,20.435427510975707,0.09144173556782752,70.28924655856117
6.219719719719721,49.382266888560835,20.344967375171468,0.09142252539821225,70.38066908395939
6.228228228228229,49.39531496317975,20.254500199411353,0.09140329393009963,70.47207237788949
6.236736736736737,49.40818077790535,20.16402637007668,0.09138404118352968,70.56345641907302
6.245245245245246,49.42086434224329,20.07354627349584,0.09136476717856243,70.65482118625158
6.253753753753754,49.43336566654429,19.983060295942465,0.0913454719352225,70.74616665818681
6.262262262262263,49.44568476200402,19.892568823633475,0.09132615547363582,70.83749281366045
6.270770770770771,49.45782164066284,19.802072242727228,0.09130681781389582,70.92879963147435
6.2792792792792795,49.46977631540568,19.7115709393216,0.09128745897616224,71.02008709045052
6.287787787787789,49.481548799961814,19.621065299452155,0.09126807898056155,71.11135516943108
6.296296296296297,49.493139108904685,19.530555709090194,0.09124867784730469,71.20260384727838
6.304804804804806,49.504547257651694,19.440042554140888,0.09122925559660683,71.29383310287498
6.313313313313314,49.515773262463995,19.34952622044145,0.09120981224864806,71.38504291512363
6.321821821821822,49.52681714044631,19.259007093759156,0.09119034782373482,71.47623326294737
6.330330330330331,49.537678909546685,19.1684855597895,0.09117086234214057,71.56740412528951
6.338838838838839,49.54835858855629,19.077962004154365,0.09115135582412,71.65855548111364
6.347347347347348,49.55885619710923,18.98743681240005,0.09113182829004675,71.74968730940368
6.355855855855856,49.56917175568226,18.89691036999545,0.09111227976023228,71.84079958916392
6.364364364364365,49.5793052855946,18.80638306233014,0.09109271025506707,71.93189229941899
6.372872872872874,49.58925680900769,18.715855274712503,0.09107311979495158,72.02296541921395
6.381381381381382,49.599026348924966,18.625327392367886,0.09105350840025848,72.11401892761421
6.389889889889891,49.60861392919159,18.53479980043663,0.09103387609149115,72.2050528037057
6.398398398398399,49.618019574494234,18.444272883972303,0.09101422288905398,72.29606702659476
6.406906906906907,49.6272433103608,18.353747027939747,0.09099454881344947,72.38706157540821
6.415415415415416,49.636285163160196,18.26322261721319,0.09097485388521419,72.47803642929343
6.423923923923924,49.645145160102075,18.17270003657443,0.09095513812485402,72.56899156741828
6.432432432432433,49.653823329236545,18.08217967071092,0.0909354015529146,72.65992696897119
6.4409409409409415,49.662319699453946,17.991661904213892,0.09091564418999575,72.75084261316118
6.44944944944945,49.67063430048451,17.90114712157648,0.09089586605668934,72.84173847921787
6.457957957957959,49.67876716289818,17.810635707191857,0.09087606717362118,72.93261454639149
6.466466466466467,49.68671831810424,17.720128045351373,0.09085624756142047,73.02347079395291
6.474974974974976,49.694487798351105,17.629624520242626,0.09083640724079811,73.11430720119371
6.483483483483484,49.702075636725965,17.539125515947667,0.0908165462324015,73.20512374742611
6.491991991991992,49.70948186715455,17.44863141644108,0.09079666455696019,73.29592041198308
6.500500500500501,49.716706524400806,17.358142605588085,0.09077676223525018,73.38669717421833
6.509009009009009,49.7237496440666,17.267659467142764,0.09075683928796754,73.47745401350629
6.517517517517518,49.73061126259141,17.17718238474608,0.09073689573594922,73.56819090924223
6.5260260260260265,49.737291417252024,17.086711741924077,0.09071693159998266,73.65890784084222
6.534534534534535,49.74379014616221,16.996247922086006,0.09069694690089115,73.74960478774311
6.543043043043044,49.750107488272434,16.90579130852244,0.09067694165953209,73.84028172940265
6.551551551551552,49.7562434833695,16.815342284403386,0.09065691589680444,73.93093864529945
6.560060060060061,49.76219817207624,16.72490123277649,0.09063686963357209,74.02157551493302
6.568568568568569,49.76797159585118,16.63446853656512,0.09061680289075999,74.11219231782378
6.577077077077078,49.77356379698822,16.54404457856647,0.09059671568935887,74.20278903351314
6.585585585585586,49.77897481861628,16.453629741449802,0.09057660805027408,74.29336564156341
6.594094094094094,49.78420470469893,16.363224407754497,0.09055647999451466,74.38392212155793
6.6026026026026035,49.789253500034135,16.272828959888187,0.09053633154313033,74.47445845310106
6.611111111111112,49.79412125025378,16.18244378012497,0.0905161627171078,74.56497461581817
6.619619619619621,49.798808001823424,16.092069250603497,0.09049597353751758,74.65547058935569
6.628128128128129,49.80331380204185,16.001705753325094,0.09047576402546906,74.74594635338116
6.636636636636637,49.80763869904078,15.911353670151982,0.09045553420201739,74.83640188758318
6.645145145145146,49.811782741784455,15.821013382805333,0.0904352840883276,74.92683717167151
6.653653653653654,49.81574598006926,15.730685272863493,0.09041501370550843,75.01725218537702
6.662162162162163,49.8195284645234,15.640369721760006,0.09039472307481425,75.10764690845183
6.670670670670671,49.82313024660645,15.550067110781972,0.090374412217308,75.19802132066913
6.6791791791791795,49.82655137860904,15.459777821067934,0.09035408115433745,75.28837540182346
6.6876876876876885,49.8297919136524,15.369502233606244,0.09033372990705354,75.37870913173052
6.696196196196197,49.832851905688,15.279240729233086,0.09031335849675629,75.46902249022727
6.704704704704706,49.83573140949717,15.188993688630672,0.09029296694472227,75.55931545717199
6.713213213213214,49.83843048069065,15.098761492325407,0.09027255527223904,75.64958801244423
6.721721721721722,49.840949175708225,15.008544520686002,0.09025212350065133,75.73984013594487
6.730230230230231,49.84328755181831,14.918343153921615,0.09023167165134176,75.83007180759621
6.738738738738739,49.84544566711749,14.828157772080091,0.0902111997456302,75.92028300734184
6.747247247247248,49.84742358053019,14.737988755046034,0.09019070780494101,76.01047371514677
6.755755755755756,49.849221351808154,14.647836482538999,0.09017019585068362,76.10064391099746
6.7642642642642645,49.8508390415301,14.557701334111636,0.09014966390430547,76.19079357490176
6.772772772772774,49.85227671110122,14.467583689147856,0.0901291119872682,76.28092268688903
6.781281281281282,49.8535344227528,14.377483926861007,0.09010854012104096,76.37103122701006
6.789789789789791,49.85461223954176,14.287402426291955,0.09008794832719172,76.46111917533726
6.798298298298299,49.85551022535019,14.197339566307406,0.09006733662715144,76.55118651196442
6.806806806806807,49.856228444884934,14.107295725597885,0.09004670504255956,76.64123321700697
6.815315315315316,49.85676696367713,14.01727128267601,0.09002605359496467,76.73125927060194
6.823823823823824,49.857125848081736,13.927266615874652,0.0900053823059448,76.82126465290789
6.832332332332333,49.85730516527708,13.837282103345068,0.08998469119713351,76.91124934410502
6.840840840840841,49.85730498326444,13.747318123055072,0.08996398029017998,77.0012133243952
6.84934934934935,49.85712537086748,13.657375052787241,0.08994324960672172,77.09115657400191
6.857857857857859,49.85676639773186,13.56745327013699,0.08992249916851194,77.18107907317042
6.866366366366367,49.856228134324724,13.477553152510922,0.08990172899714721,77.27098080216757
6.874874874874876,49.855510651934225,13.387675077124765,0.08988093911447698,77.36086174128205
6.883383383383384,49.85461402266905,13.297819421001755,0.08986012954217142,77.45072187082422
6.891891891891892,49.8535383194579,13.207986560970689,0.08983930030203721,77.54056117112626
6.900400400400401,49.85228361604905,13.118176873664133,0.08981845141587247,77.63037962254212
6.908908908908909,49.850849987009795,13.02839073551661,0.08979758290549039,77.72017720544761
6.917417417417418,49.84923750772599,12.93862852276277,0.08977669479272615,77.80995390024034
6.9259259259259265,49.847446254401504,12.848890611435575,0.08975578709943947,77.89970968733978
6.9344344344344355,49.84547630405777,12.75917737736442,0.08973485984756782,77.98944454718735
6.942942942942944,49.84332773453319,12.669489196173462,0.08971391305892337,78.07915846024628
6.951451451451452,49.8410006244827,12.579826443279616,0.08969294675552755,78.16885140700181
6.959959959959961,49.838495053377216,12.490189493890888,0.08967196095927679,78.25852336796109
6.968468468468469,49.835811101503054,12.400578723004482,0.08965095569216606,78.34817432365325
6.976976976976978,49.83294884996149,12.310994505405029,0.08962993097617232,78.43780425462943
6.985485485485486,49.829908380668165,12.221437215662727,0.08960888683333995,78.52741314146277
6.993993993993994,49.826689776352566,12.131907228131594,0.08958782328567444,78.61700096474844
7.002502502502503,49.823293120557494,12.042404916947568,0.08956674035529236,78.70656770510374
7.0110110110110115,49.8197184976385,11.952930656026851,0.08954563806418255,78.79611334316792
7.019519519519521,49.81596599276332,11.863484819063897,0.08952451643455848,78.88563785960248
7.028028028028029,49.81203569191136,11.774067779529787,0.08950337548847823,78.97514123509096
7.036536536536537,49.807927681873124,11.684679910670347,0.08948221524809649,79.06462345033906
7.045045045045046,49.803642050249614,11.595321585504328,0.0894610357356121,79.15408448607467
7.053553553553554,49.79917888545183,11.505993176821674,0.08943983697317115,79.24352432304784
7.062062062062063,49.79453827670013,11.416695057181611,0.08941861898305796,79.3329429420309
7.070570570570571,49.789720314023704,11.327427598911012,0.08939738178741419,79.42234032381832
7.079079079079079,49.78472508825996,11.238191174102415,0.08937612540858503,79.51171644922691
7.0875875875875884,49.77955269105399,11.148986154612361,0.08935484986880776,79.60107129909572
7.096096096096097,49.774203214857906,11.059812912059558,0.08933355519038524,79.6904048542861
7.104604604604606,49.76867675293035,10.97067181782309,0.08931224139563113,79.77971709568173
7.113113113113114,49.76297339933576,10.88156324304061,0.0892909085069124,79.86900800418864
7.121621621621622,49.757093248943946,10.79248755860659,0.0892695565465601,79.9582775607352
7.130130130130131,49.751036397429324,10.703445135170433,0.0892481855370402,80.04752574627224
7.138638638638639,49.7448029412704,10.614436343134884,0.08922679550063971,80.13675254177288
7.147147147147148,49.73839297774913,10.525461552654006,0.08920538645989985,80.22595792823277
7.155655655655656,49.73180660495032,10.436521133631576,0.08918395843721177,80.31514188666999
7.1641641641641645,49.725043921761,10.347615455719215,0.08916251145507108,80.40430439812506
7.1726726726726735,49.71810502786977,10.258744888314645,0.08914104553595893,80.49344544366102
7.181181181181182,49.71099002376621,10.169909800559887,0.0891195607024024,80.58256500436342
7.189689689689691,49.70369901074025,10.081110561339475,0.08909805697695464,80.67166306134037
7.198198198198199,49.6962320908815,9.992347539278757,0.08907653438211703,80.76073959572248
7.206706706706707,49.68858936707866,9.90362110274197,0.08905499294055833,80.84979458866304
7.215215215215216,49.680770943018814,9.814931619830627,0.08903343267481655,80.93882802133786
7.223723723723724,49.67277692318683,9.726279458381658,0.08901185360752967,81.02783987494539
7.232232232232233,49.6646074128647,9.63766498596565,0.08899025576135254,81.11683013070675
7.240740740740741,49.65626251813087,9.54908856988509,0.08896863915894798,81.2057987698657
7.2492492492492495,49.647742345859584,9.460550577172626,0.0889470038229774,81.29474577368867
7.2577577577577586,49.639047003720236,9.372051374589185,0.08892534977623157,81.38367112346491
7.266266266266267,49.63017660017668,9.283591328622425,0.08890367704131756,81.47257480050622
7.274774774774776,49.621131244486584,9.195170805484707,0.0888819856411185,81.56145678614735
7.283283283283284,49.61191104670072,9.106790171111603,0.08886027559828291,81.65031706174562
7.291791791791792,49.602516117662304,9.018449791159899,0.08883854693570997,81.73915560868133
7.300300300300301,49.592946569006344,8.930150031005983,0.08881679967617545,81.82797240835751
7.308808808808809,49.583202513158874,8.841891255744084,0.08879503384249023,81.9167674422
7.317317317317318,49.57328406333635,8.75367383018445,0.08877324945754456,82.00554069165754
7.325825825825826,49.563191333544886,8.665498118851668,0.08875144654418742,82.09429213820174
7.3343343343343355,49.55292443857958,8.577364485982788,0.08872962512540628,82.18302176332715
7.342842842842844,49.542483494023855,8.489273295525813,0.0887077852239744,82.27172954855112
7.351351351351352,49.53186861624865,8.401224911137664,0.08868592686297912,82.3604154754141
7.359859859859861,49.52107992241181,8.31321969618265,0.08866405006530814,82.4490795254794
7.368368368368369,49.51011753045731,8.225258013730635,0.08864215485395865,82.53772168033336
7.376876876876878,49.498981559114554,8.13734022655531,0.08862024125194172,82.62634192158531
7.385385385385386,49.48767212789768,8.049466697132452,0.08859830928228259,82.71494023086758
7.393893893893894,49.47618935710477,7.961637787638198,0.08857635896802477,82.80351658983561
7.402402402402403,49.46453336781716,7.873853859947257,0.08855439033227684,82.89207098016789
7.4109109109109115,49.452704281898725,7.7861152756313,0.08853240339804445,82.98060338356593
7.4194194194194205,49.440702221995096,7.698422395957053,0.08851039818853065,83.06911378175447
7.427927927927929,49.42852731153293,7.6107755818847025,0.0884883747268242,83.15760215648129
7.436436436436437,49.4161796747192,7.523175194066134,0.08846633303606156,83.24606848951736
7.444944944944946,49.40365943654038,7.435621592843152,0.08844427313946028,83.33451276265681
7.453453453453454,49.390966722761746,7.348115138245818,0.08842219506018552,83.422934957717
7.461961961961963,49.37810165992659,7.260656189990701,0.08840009882145873,83.51133505653846
7.470470470470471,49.36506437535549,7.17324510747917,0.0883779844464995,83.59971304098495
7.478978978978979,49.35185499714546,7.085882249795603,0.08835585195862712,83.68806889294358
7.487487487487488,49.3384736541693,6.998567975705775,0.08833370138106483,83.77640259432464
7.4959959959959965,49.32492047607474,6.911302643655095,0.0883115327371145,83.86471412706175
7.504504504504506,49.311195593283664,6.824086611766877,0.08828934605010606,83.95300347311185
7.513013013013014,49.297299136991384,6.736920237840625,0.08826714134339203,84.04127061445524
7.521521521521522,49.283231239165815,6.649803879350369,0.08824491864030175,84.12951553309554
7.530030030030031,49.26899203254665,6.562737893442852,0.08822267796429192,84.21773821105984
7.538538538538539,49.25458165064466,6.4757226369360055,0.08820041933864906,84.30593863039849
7.547047047047048,49.24000022774081,6.388758466317009,0.08817814278692244,84.3941167731854
7.555555555555556,49.22524789888551,6.301845737740823,0.08815584833244204,84.48227262151785
7.564064064064064,49.21032479989779,6.2149848070282925,0.08813353599875834,84.57040615751662
7.572572572572573,49.19523106736449,6.128176029664555,0.08811120580932812,84.65851736332594
7.581081081081082,49.17996683863946,6.04141976079733,0.08808885778764661,84.7466062211136
7.589589589589591,49.164532251842736,5.954716355235208,0.08806649195724474,84.83467271307084
7.598098098098099,49.14892744585972,5.868066167445946,0.08804410834168279,84.92271682141252
7.606606606606607,49.13315256034035,5.781469551554814,0.08802170696450672,85.01073852837703
7.615115115115116,49.1172077356983,5.694926861342839,0.08799928784934245,85.09873781622638
7.623623623623624,49.10109311311011,5.608438450245192,0.08797685101977405,85.18671466724615
7.632132132132133,49.084808834514384,5.522004671349469,0.08795439649942405,85.27466906374558
7.640640640640641,49.06835504261093,5.435625877394003,0.087931924311953,85.36260098805754
7.6491491491491495,49.05173188085993,5.349302420766186,0.0879094344810295,85.45051042253857
7.6576576576576585,49.03493949348109,5.263034653500764,0.08788692703037326,85.53839734956894
7.666166166166167,49.01797802545278,5.176822927278261,0.08786440198362085,85.62626175155256
7.674674674674676,49.00084762251119,5.090667593423131,0.08784185936459972,85.71410361091716
7.683183183183184,48.98354843114948,5.0045690029022705,0.08781929919697491,85.80192291011414
7.691691691691692,48.96608059861691,4.918527506323194,0.08779672150458136,85.88971963161872
7.700200200200201,48.94844427291797,4.832543453932452,0.08777412631119244,85.9774937579299
7.708708708708709,48.93063960281151,4.746617195613952,0.08775151364060513,86.06524527157052
7.717217217217218,48.912666737809886,4.660749080887269,0.08772888351666963,86.1529741550872
7.725725725725726,48.894525828178054,4.574939458905991,0.08770623596324362,86.24068039105043
7.734234234234235,48.87621702493273,4.489188678456076,0.08768357100418316,86.32836396205461
7.7427427427427435,48.85774047984145,4.403497087954172,0.08766088866339378,86.416024850718
7.751251251251252,48.83909634542175,4.31786503544595,0.08763818896480483,86.5036630396828
7.759759759759761,48.82028477494023,4.232292868604494,0.08761547193232043,86.59127851161513
7.768268268268269,48.80130592241164,4.146780934728584,0.08759273758993819,86.67887124920507
7.776776776776778,48.78215994259806,4.061329580741143,0.08756998596156809,86.76644123516664
7.785285285285286,48.76284699100789,3.9759391531874773,0.08754721707125772,86.8539884522379
7.793793793793794,48.74336722389506,3.8906099982336926,0.08752443094300572,86.9415128831809
7.802302302302303,48.72372079825803,3.805342461665015,0.08750162760087545,87.02901451078178
7.810810810810811,48.703907871838894,3.7201368888842445,0.08747880706885099,87.11649331785063
7.8193193193193204,48.68392860312249,3.6349936249099315,0.08745596937111765,87.20394928722175
7.827827827827829,48.66378315133551,3.549913014374985,0.0874331145316283,87.29138240175338
7.836336336336337,48.64347167644546,3.4648954015247835,0.08741024257463122,87.37879264432802
7.844844844844846,48.62299433915983,3.379941130215723,0.08738735352419559,87.46617999785221
7.853353353353354,48.60235130092516,3.2950505439135043,0.08736444740449448,87.5535444452567
7.861861861861863,48.58154272392605,3.21022398569154,0.0873415242396887,87.6408859694964
7.870370370370371,48.56056877108426,3.125461798229301,0.08731858405398707,87.72820455355038
7.878878878878879,48.539429606057766,3.0407643238107234,0.0872956268715855,87.81550018042196
7.887387387387388,48.51812539323978,2.956131904322529,0.08727265271675792,87.90277283313873
7.8958958958958965,48.496656297757845,2.8715648812526613,0.0872496616137386,87.99002249475247
7.9044044044044055,48.47502248547286,2.7870635956886716,0.08722665358678376,88.07724914833925
7.912912912912914,48.453224122978135,2.7026283883160627,0.0872036286602056,88.16445277699945
7.921421421421422,48.43126137759839,2.618259599416705,0.08718058685831352,88.25163336385776
7.929929929929931,48.40913441738883,2.533957568867171,0.08715752820548571,88.33879089206324
7.938438438438439,48.38684341113417,2.449722636137281,0.08713445272596924,88.4259253447892
7.946946946946948,48.36438852834766,2.3655551402882455,0.08711136044428076,88.51303670523349
7.955455455455456,48.34176993927011,2.281455419971337,0.0870882513846811,88.60012495661817
7.963963963963964,48.318987814868905,2.197423813426088,0.0870651255716516,88.68719008218983
7.972472472472473,48.296042326837004,2.1134606584787576,0.08704198302963642,88.77423206521946
7.9809809809809815,48.272933647592026,2.029566292540766,0.08701882378304665,88.8612508890025
7.989489489489491,48.24966195027517,1.94574105260706,0.08699564785637727,88.94824653685889
7.997997997997999,48.22622740875027,1.8619852752545292,0.08697245527412087,89.03521899213301
8.006506506506508,48.2026301976028,1.7782992966404212,0.0869492460607861,89.1221682381938
8.015015015015015,48.17887049213886,1.6946834525007795,0.08692602024088038,89.20909425843467
8.023523523523524,48.15494846838418,1.6111380781487714,0.08690277783901343,89.29599703627369
8.032032032032033,48.13086430308308,1.5276635084732177,0.08687951887970749,89.3828765551534
8.040540540540542,48.10661817369752,1.4442600779369492,0.0868562433875624,89.46973279854096
8.04904904904905,48.082210258406036,1.3609281205752612,0.08683295138716879,89.55656574992813
8.057557557557558,48.05764073610275,1.2776679699942726,0.0868096429031976,89.64337539283132
8.066066066066067,48.03290978639632,1.1944799593694384,0.08678631796026104,89.73016171079158
8.074574574574575,48.00801758960894,1.111364421443934,0.0867629765830303,89.81692468737461
8.083083083083084,47.98296432677529,1.0283216885270559,0.08673961879623393,89.90366430617084
8.091591591591593,47.95775017964152,0.9453520924927279,0.08671624462453849,89.99038055079538
8.1001001001001,47.93237533066424,0.8624559647779293,0.08669285409264084,90.07707340488803
8.108608608608609,47.9068399630094,0.7796336363810425,0.08666944722536067,90.16374285211339
8.117117117117118,47.88114426055134,0.6968854378604039,0.08664602404741067,90.2503888761608
8.125625625625627,47.85528840787167,0.6142116993327082,0.08662258458357462,90.33701146074438
8.134134134134134,47.829272590258256,0.5316127504714281,0.08659912885868268,90.42361058960306
8.142642642642643,47.80309699370417,0.4490889205052806,0.08657565689755832,90.51018624650061
8.151151151151153,47.77676180490664,0.3666405382167319,0.0865521687249968,90.5967384152256
8.15965965965966,47.750267211265964,0.28426793194037714,0.08652866436588509,90.68326707959149
8.168168168168169,47.723613400884425,0.20197142956140368,0.08650514384513462,90.76977222343662
8.176676676676678,47.696800562565315,0.11975135851410457,0.08648160718759587,90.85625383062421
8.185185185185185,47.669828885811754,0.03760804578029919,0.08645805441821108,90.94271188504243
8.193693693693694,47.64269856082568,-0.0444581821122263,0.08643448556194441,91.02914637060437
8.202202202202203,47.6154097785068,-0.1264469990911401,0.08641090064366223,91.11555727124802
8.210710710710712,47.587962730451416,-0.2083580795412665,0.08638729968844808,91.20194457093648
8.21921921921922,47.56035760895142,-0.2901910983059466,0.08636368272121091,91.28830825365769
8.227727727727729,47.53259460699317,-0.3719457306887044,0.08634004976703225,91.37464830342472
8.236236236236238,47.5046739182564,-0.453621652454661,0.08631640085090607,91.46096470427563
8.244744744744745,47.476595737113165,-0.535218539832087,0.08629273599786211,91.54725744027348
8.253253253253254,47.44836025862668,-0.6167360695140012,0.08626905523304747,91.63352649550653
8.261761761761763,47.419967678550265,-0.6981739186595419,0.08624535858147625,91.71977185408801
8.27027027027027,47.391418193326224,-0.7795317648955624,0.0862216460682679,91.80599350015628
8.27877877877878,47.36271200008474,-0.8608092863181724,0.0861979177185864,91.89219141787487
8.287287287287288,47.333849296642754,-0.9420061614941915,0.08617417355756962,91.97836559143244
8.295795795795797,47.30483028150287,-1.0231220694626568,0.08615041361036607,92.0645160050428
8.304304304304305,47.27565515385224,-1.1041566897362927,0.08612663790212069,92.15064264294493
8.312812812812814,47.246324113561386,-1.1851097023031425,0.08610284645813032,92.23674548940306
8.321321321321323,47.21683736118314,-1.2659807876279157,0.08607903930355407,92.32282452870662
8.32982982982983,47.1871950979515,-1.346769626653531,0.08605521646361948,92.40887974517024
8.338338338338339,47.157397525780496,-1.4274759008026692,0.08603137796363701,92.49491112313387
8.346846846846848,47.12744484726301,-1.5080992919791854,0.08600752382886975,92.58091864696274
8.355355355355357,47.097337265669736,-1.5886394825695795,0.0859836540845553,92.6669023010473
8.363863863863864,47.06707498494795,-1.6690961554445618,0.08595976875606447,92.75286206980337
8.372372372372373,47.03665820972038,-1.7494689939605177,0.08593586786875747,92.83879793767213
8.380880880880882,47.00608714528411,-1.8297576819609045,0.08591195144792019,92.92470988912005
8.38938938938939,46.97536199760938,-1.909961903777802,0.0858880195189529,93.010597908639
8.397897897897899,46.94448297333842,-1.9900813442334098,0.08586407210729415,93.0964619807463
8.406406406406408,46.91345027978435,-2.070115688641369,0.0858401092382373,93.18230208998453
8.414914914914915,46.88226412492997,-2.1500646228084257,0.08581613093731161,93.26811822092185
8.423423423423424,46.850924717426594,-2.2299278330357666,0.08579213722992912,93.35391035815178
8.431931931931933,46.819432266592926,-2.3097050061205096,0.08576812814154215,93.43967848629332
8.440440440440442,46.787786982413856,-2.389395829357202,0.08574410369766479,93.52542258999098
8.44894894894895,46.75598907553928,-2.4689999905391673,0.08572006392372981,93.61114265391471
8.457457457457458,46.72403875728294,-2.548517177960127,0.08569600884534584,93.69683866276006
8.465965965965967,46.691936239621235,-2.6279470804154883,0.08567193848798059,93.78251060124803
8.474474474474475,46.65968173519204,-2.7072893872038915,0.0856478528772215,93.86815845412525
8.482982982982984,46.62727545729351,-2.7865437881286397,0.08562375203865769,93.95378220616391
8.491491491491493,46.594717619882886,-2.865709973499108,0.08559963599786968,94.03938184216177
8.5,46.56200843757537,-2.944787634132151,0.08557550478040381,94.12495734694218
