LR_ratio,tip_angle,KR_cosserat,KR_predict
10.0,0.754991258806403,1.07154784637812,1.0730919
10.0,0.909469570437405,1.08678838348471,1.0881816
10.0,1.07110933034284,1.10323200234038,1.1044979
10.0,0.325605390897133,1.03172285904931,1.0311553
10.0,0.463675551727808,1.04409230222801,1.0445585
10.0,0.60659337679516,1.05756764300092,1.0639635
29.5,0.671615530386722,1.1560152989803,1.1582872
29.5,0.857655474335681,1.19080078661731,1.1921688
29.5,1.06340930063258,1.23233875912104,1.2322441
29.5,1.29837023754666,1.28022442197836,1.2811292
29.5,0.344597267302255,1.08798034174092,1.0910032
29.5,0.501903015512169,1.11992079744088,1.1249949
19.6666666666667,0.334672796561541,1.05959237615628,1.0613765
19.6666666666667,0.481641605476488,1.08339871108131,1.0843118
19.6666666666667,0.637097315000244,1.10822341156478,1.110242
19.6666666666667,0.802658999670801,1.13316417757985,1.1358762
19.6666666666667,0.979822245719237,1.16133163040006,1.1630611
19.6666666666667,1.17211611716701,1.19230980403138,1.19498
14.75,0.777036212281778,1.1029975366593,1.1052252
14.75,0.942157380830352,1.12354928262365,1.1263264
14.75,1.11725835672077,1.14788156654534,1.1508256
14.75,0.329840612279626,1.04576002627592,1.0483973
14.75,0.472158312095371,1.06326385065276,1.0642877
14.75,0.620864438447137,1.0828312916792,1.0858663
11.8,0.327190079644761,1.03654760091786,1.0373532
11.8,0.466714380908055,1.0515771178007,1.0511057
11.8,0.611798484036441,1.06691563187769,1.0692508
11.8,0.762786960824171,1.08406586137697,1.0848409
11.8,0.921218198685662,1.10082462139244,1.102375
11.8,1.0876013673972,1.12024032389439,1.1222857
36.0,0.351538642795606,1.10403160413139,1.1079783
36.0,0.515707438506148,1.14270785923548,1.1462475
36.0,0.69546874314563,1.18524588512984,1.1847535
36.0,0.896030688101317,1.22776598628646,1.22688
36.0,1.12424498783185,1.27790542771772,1.2781825
36.0,1.39677163305342,1.34014002997218,1.3413451
27.0,0.342137934983493,1.07980314589694,1.0839006
27.0,0.49626096187363,1.113622770493,1.1159384
27.0,0.662863912172946,1.1431936898423,1.1475958
27.0,0.843076101048936,1.17730334750148,1.1787221
27.0,1.04118708583851,1.21474647312518,1.2154241
27.0,1.26404020841797,1.25778055842933,1.2578454
21.6,0.643886101327579,1.11710373777365,1.1205934
21.6,0.81302940116713,1.14517525293256,1.1478631
21.6,0.995456687526366,1.17568646109422,1.1776395
21.6,1.19517850559991,1.2095756925121,1.2104095
21.6,0.336978876625629,1.0614177769835,1.0666877
21.6,0.485364874282722,1.09206177162969,1.0926863
18.0,0.478433917070033,1.07630746164458,1.0776936
18.0,0.631476727461423,1.09978921599992,1.1017494
18.0,0.793731823659645,1.12326524908229,1.1260134
18.0,0.966549479611426,1.14923817965961,1.1495863
18.0,1.15290792642243,1.17728918187994,1.1799583
18.0,0.332683784406491,1.05791617379644,1.0572102
15.4285714285714,0.33021470261555,1.05029597981387,1.0503762
15.4285714285714,0.473282002824746,1.06711174000803,1.067198
15.4285714285714,0.623223818575633,1.08549344837435,1.0891212
15.4285714285714,0.780457862330978,1.10722511688412,1.1095402
15.4285714285714,0.946963137715298,1.12951865831754,1.1313984
15.4285714285714,1.12459380280547,1.15372706564929,1.1557561
13.5,0.328600263547131,1.04269225081616,1.0442301
13.5,0.469694608718434,1.05909528419862,1.0586102
13.5,0.617022713430842,1.07568458542515,1.0792496
13.5,0.770989817302725,1.09456159441172,1.097192
13.5,0.932757834919788,1.11510157049128,1.1163874
13.5,1.10444210805023,1.13595262682736,1.1396652
12.0,0.327636356499571,1.03445826813544,1.0382184
12.0,0.466939925529545,1.0532680975084,1.0519382
12.0,0.612347827702482,1.06821607393771,1.0702897
12.0,0.763757921705373,1.08527571513388,1.0860932
12.0,0.922563056236243,1.10239303092211,1.1040547
12.0,1.08963035701692,1.12175337880011,1.1240686
10.8,0.914590624762183,1.0929436110328,1.0942965
10.8,1.07822903138904,1.11084883171813,1.112553
10.8,0.326480699828544,1.03200140630279,1.0334624
10.8,0.465010011283357,1.04738848050532,1.0471398
10.8,0.608931033079993,1.06134681664744,1.0656587
10.8,0.758239343503577,1.07771484449186,1.0787395
39.25,0.354535110095387,1.11616817956555,1.1156931
39.25,0.522579165022713,1.15437609630267,1.1566349
39.25,0.70775216578678,1.19874920940883,1.198201
39.25,0.915661227149746,1.24656706839931,1.2445416
39.25,1.15679357408775,1.29999870337032,1.3014578
39.25,1.45252164074357,1.37125153940562,1.3732362
31.4,1.08004190716587,1.24781537873558,1.24517
31.4,1.32585277661747,1.2970523397291,1.298818
31.4,0.346773262976126,1.09114968184229,1.0960935
31.4,0.505510771113307,1.12932511956979,1.1314195
31.4,0.678545909486693,1.16464492860537,1.166189
31.4,0.86882617262679,1.2013449190438,1.2024559
26.1666666666667,0.659500494147807,1.14118337381278,1.1437151
26.1666666666667,0.838188745929875,1.17306475580121,1.1742631
26.1666666666667,1.03376534197623,1.20935934222916,1.209736
26.1666666666667,1.2523929439453,1.25186820482669,1.2500567
26.1666666666667,0.340992890990012,1.08036058066367,1.0812877
26.1666666666667,0.494419553347299,1.1113012959461,1.112697
22.4285714285714,0.33744837710972,1.06741779205603,1.0691867
22.4285714285714,0.487050196944502,1.09523806086194,1.0964733
22.4285714285714,0.646711519185287,1.12133236305036,1.1250777
22.4285714285714,0.817417349061166,1.15079110362149,1.1531107
22.4285714285714,1.00296270827341,1.17947886375681,1.1836195
22.4285714285714,1.20504755766936,1.21779241218655,1.2171742
19.625,0.334542097835283,1.06026538423872,1.0612621
19.625,0.481496670723893,1.08366337766213,1.0841289
19.625,0.636721956000479,1.10933009658095,1.1099898
19.625,0.802717890192676,1.13159037181589,1.135666
19.625,0.979660097015852,1.16045200284067,1.1627533
19.625,1.17197448397173,1.19098546240996,1.1946907
17.4444444444444,0.332571080603096,1.05216484741653,1.0558412
17.4444444444444,0.477436228634513,1.07340469133293,1.0755225
17.4444444444444,0.629660490409764,1.09692066669618,1.0989654
17.4444444444444,0.790873063032684,1.11963893685218,1.1226823
17.4444444444444,0.961988441460102,1.14599651189277,1.1454194
17.4444444444444,1.14632316719701,1.17325304956479,1.1741778
15.7,0.330736853901804,1.0484408640561,1.0511625
15.7,0.473859186189966,1.06776145001444,1.0683582
15.7,0.624605235072373,1.08418693036207,1.0904706
15.7,0.782045347497921,1.10821431151716,1.1113577
15.7,0.948810275083133,1.13237444504491,1.1333097
15.7,1.12865250358388,1.15282042842054,1.1579123
41.2,0.356799636500776,1.11941250793444,1.1203297
41.2,0.526790122794219,1.16084611262776,1.1631374
41.2,0.715367793057781,1.20606683986964,1.2066066
41.2,0.928050876533738,1.25623954815574,1.25545
41.2,1.17695916943359,1.3135601950906,1.3151951
41.2,1.48917099542066,1.38959688035925,1.3938916
34.3333333333333,0.88596759150321,1.21854636397756,1.2180254
34.3333333333333,1.10809261055758,1.26655931877844,1.2661463
34.3333333333333,1.37009031695762,1.32456631818508,1.3258057
34.3333333333333,0.349934602035151,1.0981109211243,1.103783
34.3333333333333,0.512075693515798,1.13739056973591,1.1410276
34.3333333333333,0.689538811309132,1.1766468654794,1.1781431
29.4285714285714,0.50178426196711,1.11940397705045,1.1247536
29.4285714285714,0.67131844346851,1.15576640725092,1.1579826
29.4285714285714,0.857069413486225,1.19105914926365,1.1917509
29.4285714285714,1.06305573128329,1.23083224385519,1.231817
29.4285714285714,1.29775027020927,1.27858781365695,1.2805456
29.4285714285714,0.344606170693707,1.0869459150885,1.0908245
25.75,0.340910101943875,1.07599527232345,1.0800264
25.75,0.494210714285469,1.10534839150522,1.1111652
25.75,0.658317768385602,1.13769252437363,1.1418208
25.75,0.835887408748032,1.17038356441857,1.1720564
25.75,1.03067883384441,1.20466990577558,1.2069664
25.75,1.24826191486551,1.24449515332586,1.2465055
22.8888888888889,0.337731469709777,1.07046966048399,1.070634
22.8888888888889,0.48818958842681,1.09562752112599,1.0986277
22.8888888888889,0.648157083664449,1.12444299202974,1.1275142
22.8888888888889,0.820062501710653,1.15299086265877,1.1560017
22.8888888888889,1.00598399553017,1.18546619079363,1.1867248
22.8888888888889,1.21085959861465,1.22144387149705,1.2210661
20.6,0.335613971199735,1.06223681398347,1.0638049
20.6,0.483508751615561,1.08703615051018,1.0882666
20.6,0.64057544896498,1.11150121533299,1.1152107
20.6,0.808003317711565,1.1375126660304,1.1416223
20.6,0.987438553616336,1.16796332462356,1.1703578
20.6,1.1826391957453,1.20206376580489,1.2023644
42.5,1.19022674541493,1.32407700382067,1.3241928
42.5,1.51397614463568,1.40463355529535,1.4079279
42.5,0.358368811070433,1.12086034198469,1.1234809
42.5,0.529138321378157,1.16804292058212,1.1673868
42.5,0.720050908811242,1.21281279201598,1.2121476
42.5,0.935943707414346,1.26448107195505,1.2626071
36.4285714285714,0.697055161197573,1.18723480169121,1.1864786
36.4285714285714,0.898914600617404,1.2290218582615,1.22924
36.4285714285714,1.12770248954358,1.28316454120994,1.2810988
36.4285714285714,1.4037827135462,1.3443373452688,1.3453963
36.4285714285714,0.351880590762872,1.10598195775598,1.1090146
36.4285714285714,0.516381395841597,1.14566715890902,1.147536
31.875,0.506822397683547,1.1290192621098,1.133083
31.875,0.680312159187008,1.16657795695464,1.1681575
31.875,0.871551483332842,1.20429018600399,1.2049999
31.875,1.08498428446507,1.24930583656447,1.2486149
31.875,1.33238051390918,1.3025452186721,1.3031014
31.875,0.347205105194592,1.09313721784834,1.09733
28.3333333333333,0.343423315909208,1.08447010139409,1.0877829
28.3333333333333,0.499232553440788,1.11714784768802,1.1208522
28.3333333333333,0.667490994737689,1.15020965324016,1.1534017
28.3333333333333,0.850908213088037,1.18420031923319,1.1858863
28.3333333333333,1.0528773357211,1.22441048331745,1.2243644
28.3333333333333,1.28172067233057,1.27091053213574,1.2701576
25.5,0.340470308342628,1.07704887983253,1.0791966
25.5,0.493328732921977,1.10685953253576,1.1100652
25.5,0.657156568521428,1.13790715080546,1.1405891
25.5,0.834474585848123,1.16894068910533,1.1707244
25.5,1.02839295716599,1.20331428943283,1.2052102
25.5,1.24403132745766,1.24489419819639,1.2440511
43.4285714285714,0.94188433178953,1.26938246557433,1.2677425
43.4285714285714,1.20036707248151,1.33009715749459,1.3307519
43.4285714285714,1.53263514527284,1.41524779950148,1.4181798
43.4285714285714,0.35924935110722,1.12415406166152,1.1257147
43.4285714285714,0.53143307479973,1.16931569986839,1.1705643
43.4285714285714,0.723822640988521,1.21552810080514,1.2162166
38.0,0.519707009250244,1.15128091806131,1.15252
38.0,0.702665981160554,1.19524378000561,1.1928608
38.0,0.907977573930198,1.23959210814395,1.2376552
38.0,1.14429136322517,1.29089156873192,1.2926033
38.0,1.43034657971014,1.3594179207087,1.3606209
38.0,0.353643334605103,1.10906619321632,1.1128308
33.7777777777778,0.3489483337551,1.1004157348109,1.1022623
33.7777777777778,0.510854485763432,1.13566871591307,1.1392678
33.7777777777778,0.687471416369888,1.17424453449488,1.1759177
33.7777777777778,0.882925509540326,1.21452474275026,1.2151474
33.7777777777778,1.1028099067772,1.26262490310134,1.2621516
33.7777777777778,1.36110712910647,1.32015375312066,1.3206059
30.4,0.345493569797768,1.09083271657729,1.0934075
30.4,0.50362177931653,1.12437536733196,1.1280622
30.4,0.675206309761053,1.15853455968303,1.1620933
30.4,0.862661602209803,1.19685700679113,1.1969892
30.4,1.0716899040019,1.23821389178898,1.2384119
30.4,1.31095672957282,1.28886241278868,1.2894628
44.125,0.726276856420593,1.21948423580792,1.219191
44.125,0.946927610059178,1.27091737280029,1.271699
44.125,1.20793820657987,1.33511159761488,1.3356588
44.125,1.54737548580023,1.42262251968176,1.426002
44.125,0.360076833185038,1.12508610061026,1.1274488
44.125,0.532904685695633,1.17185921701813,1.1728941
39.2222222222222,0.35496325208744,1.11193393035191,1.1157241
39.2222222222222,0.52244357069009,1.15468719469183,1.1565261
39.2222222222222,0.70776572685661,1.19816837148487,1.198109
39.2222222222222,0.915799592686654,1.24530780699842,1.2444589
39.2222222222222,1.15636110879372,1.30028715096258,1.3012255
39.2222222222222,1.45162783942216,1.37192953551706,1.3728509
35.3,0.350706919061846,1.10293824368835,1.1062043
35.3,0.513828541002915,1.14260893629786,1.1439785
35.3,0.692663215077958,1.18320697124003,1.1819091
35.3,0.891969689173634,1.22326434121196,1.2231846
35.3,1.11718293280492,1.2738661215781,1.2730721
35.3,1.38533666259171,1.33376924901766,1.3347571
44.6666666666667,0.533855294827845,1.1750628186889,1.1746688
44.6666666666667,0.72838333727815,1.2216378539401,1.2215567
44.6666666666667,0.950122093558161,1.27491153589,1.2745732
44.6666666666667,1.21382329656563,1.33911986626375,1.3394767
44.6666666666667,1.55936257798257,1.42799879068107,1.4321592
44.6666666666667,0.360699558327064,1.12595781811674,1.1288084
40.2,0.355895877256107,1.11532525560354,1.1180012
40.2,0.524464878548782,1.15846677741979,1.1597493
40.2,0.710750028279588,1.20569375766666,1.202124
40.2,0.921905861265114,1.25058318642734,1.2499014
40.2,1.16628517699091,1.30738340259096,1.3081028
40.2,1.46977248800741,1.38087867791425,1.3830818
45.1,0.360896768947508,1.12951969927845,1.1298383
45.1,0.534857826287587,1.17609284403962,1.1761551
45.1,0.73020888720473,1.22267446042557,1.2234854
45.1,0.952596355101306,1.27837874953967,1.2768344
45.1,1.21862200877406,1.34222552436648,1.3425577
45.1,1.56841070048036,1.43412745923143,1.436884
50.0,0.545516203607321,1.19212681481051,1.1935048
50.0,0.748893775405898,1.24448983997821,1.244617
50.0,0.985505045751315,1.3021564614193,1.3023112
50.0,1.27537456708831,1.3780797168499,1.378478
50.0,1.69388265931374,1.49330423660271,1.490012
50.0,0.36624601562282,1.14042843609704,1.1434841
10.0,0.325605390897133,1.03172285904931,1.0311553
10.0,0.463675551727808,1.04409230222801,1.0445585
10.0,0.60659337679516,1.05756764300092,1.0639635
10.0,0.754991258806403,1.07154784637812,1.0730919
10.0,0.909469570437405,1.08678838348471,1.0881816
10.0,1.07110933034284,1.10323200234038,1.1044979
29.5,0.344597267302255,1.08798034174092,1.0910032
29.5,0.501903015512169,1.11992079744088,1.1249949
29.5,0.671615530386722,1.1560152989803,1.1582872
29.5,0.857655474335681,1.19080078661731,1.1921688
29.5,1.06340930063258,1.23233875912104,1.2322441
29.5,1.29837023754666,1.28022442197836,1.2811292
19.6666666666667,0.481641605476488,1.08339871108131,1.0843118
19.6666666666667,0.637097315000244,1.10822341156478,1.110242
19.6666666666667,0.802658999670801,1.13316417757985,1.1358762
19.6666666666667,0.979822245719237,1.16133163040006,1.1630611
19.6666666666667,1.17211611716701,1.19230980403138,1.19498
19.6666666666667,0.334672796561541,1.05959237615628,1.0613765
14.75,0.329840612279626,1.04576002627592,1.0483973
14.75,0.472158312095371,1.06326385065276,1.0642877
14.75,0.620864438447137,1.0828312916792,1.0858663
14.75,0.777036212281778,1.1029975366593,1.1052252
14.75,0.942157380830352,1.12354928262365,1.1263264
14.75,1.11725835672077,1.14788156654534,1.1508256
11.8,1.0876013673972,1.12024032389439,1.1222857
11.8,0.327190079644761,1.03654760091786,1.0373532
11.8,0.466714380908055,1.0515771178007,1.0511057
11.8,0.611798484036441,1.06691563187769,1.0692508
11.8,0.762786960824171,1.08406586137697,1.0848409
11.8,0.921218198685662,1.10082462139244,1.102375
36.0,1.12424498783185,1.27790542771772,1.2781825
36.0,1.39677163305342,1.34014002997218,1.3413451
36.0,0.351538642795606,1.10403160413139,1.1079783
36.0,0.515707438506148,1.14270785923548,1.1462475
36.0,0.69546874314563,1.18524588512984,1.1847535
36.0,0.896030688101317,1.22776598628646,1.22688
27.0,0.342137934983493,1.07980314589694,1.0839006
27.0,0.49626096187363,1.113622770493,1.1159384
27.0,0.662863912172946,1.1431936898423,1.1475958
27.0,0.843076101048936,1.17730334750148,1.1787221
27.0,1.04118708583851,1.21474647312518,1.2154241
27.0,1.26404020841797,1.25778055842933,1.2578454
21.6,0.336978876625629,1.0614177769835,1.0666877
21.6,0.485364874282722,1.09206177162969,1.0926863
21.6,0.643886101327579,1.11710373777365,1.1205934
21.6,0.81302940116713,1.14517525293256,1.1478631
21.6,0.995456687526366,1.17568646109422,1.1776395
21.6,1.19517850559991,1.2095756925121,1.2104095
18.0,1.15290792642243,1.17728918187994,1.1799583
18.0,0.332683784406491,1.05791617379644,1.0572102
18.0,0.478433917070033,1.07630746164458,1.0776936
18.0,0.631476727461423,1.09978921599992,1.1017494
18.0,0.793731823659645,1.12326524908229,1.1260134
18.0,0.966549479611426,1.14923817965961,1.1495863
15.4285714285714,0.780457862330978,1.10722511688412,1.1095402
15.4285714285714,0.946963137715298,1.12951865831754,1.1313984
15.4285714285714,1.12459380280547,1.15372706564929,1.1557561
15.4285714285714,0.33021470261555,1.05029597981387,1.0503762
15.4285714285714,0.473282002824746,1.06711174000803,1.067198
15.4285714285714,0.623223818575633,1.08549344837435,1.0891212
13.5,0.469694608718434,1.05909528419862,1.0586102
13.5,0.617022713430842,1.07568458542515,1.0792496
13.5,0.770989817302725,1.09456159441172,1.097192
13.5,0.932757834919788,1.11510157049128,1.1163874
13.5,1.10444210805023,1.13595262682736,1.1396652
13.5,0.328600263547131,1.04269225081616,1.0442301
12.0,0.327636356499571,1.03445826813544,1.0382184
12.0,0.466939925529545,1.0532680975084,1.0519382
12.0,0.612347827702482,1.06821607393771,1.0702897
12.0,0.763757921705373,1.08527571513388,1.0860932
12.0,0.922563056236243,1.10239303092211,1.1040547
12.0,1.08963035701692,1.12175337880011,1.1240686
10.8,0.326480699828544,1.03200140630279,1.0334624
10.8,0.465010011283357,1.04738848050532,1.0471398
10.8,0.608931033079993,1.06134681664744,1.0656587
10.8,0.758239343503577,1.07771484449186,1.0787395
10.8,0.914590624762183,1.0929436110328,1.0942965
10.8,1.07822903138904,1.11084883171813,1.112553
39.25,0.70775216578678,1.19874920940883,1.198201
39.25,0.915661227149746,1.24656706839931,1.2445416
39.25,1.15679357408775,1.29999870337032,1.3014578
39.25,1.45252164074357,1.37125153940562,1.3732362
39.25,0.354535110095387,1.11616817956555,1.1156931
39.25,0.522579165022713,1.15437609630267,1.1566349
31.4,0.346773262976126,1.09114968184229,1.0960935
31.4,0.505510771113307,1.12932511956979,1.1314195
31.4,0.678545909486693,1.16464492860537,1.166189
31.4,0.86882617262679,1.2013449190438,1.2024559
31.4,1.08004190716587,1.24781537873558,1.24517
31.4,1.32585277661747,1.2970523397291,1.298818
26.1666666666667,0.340992890990012,1.08036058066367,1.0812877
26.1666666666667,0.494419553347299,1.1113012959461,1.112697
26.1666666666667,0.659500494147807,1.14118337381278,1.1437151
26.1666666666667,0.838188745929875,1.17306475580121,1.1742631
26.1666666666667,1.03376534197623,1.20935934222916,1.209736
26.1666666666667,1.2523929439453,1.25186820482669,1.2500567
22.4285714285714,1.20504755766936,1.21779241218655,1.2171742
22.4285714285714,0.33744837710972,1.06741779205603,1.0691867
22.4285714285714,0.487050196944502,1.09523806086194,1.0964733
22.4285714285714,0.646711519185287,1.12133236305036,1.1250777
22.4285714285714,0.817417349061166,1.15079110362149,1.1531107
22.4285714285714,1.00296270827341,1.17947886375681,1.1836195
19.625,0.636721956000479,1.10933009658095,1.1099898
19.625,0.802717890192676,1.13159037181589,1.135666
19.625,0.979660097015852,1.16045200284067,1.1627533
19.625,1.17197448397173,1.19098546240996,1.1946907
19.625,0.334542097835283,1.06026538423872,1.0612621
19.625,0.481496670723893,1.08366337766213,1.0841289
17.4444444444444,0.477436228634513,1.07340469133293,1.0755225
17.4444444444444,0.629660490409764,1.09692066669618,1.0989654
17.4444444444444,0.790873063032684,1.11963893685218,1.1226823
17.4444444444444,0.961988441460102,1.14599651189277,1.1454194
17.4444444444444,1.14632316719701,1.17325304956479,1.1741778
17.4444444444444,0.332571080603096,1.05216484741653,1.0558412
15.7,0.330736853901804,1.0484408640561,1.0511625
15.7,0.473859186189966,1.06776145001444,1.0683582
15.7,0.624605235072373,1.08418693036207,1.0904706
15.7,0.782045347497921,1.10821431151716,1.1113577
15.7,0.948810275083133,1.13237444504491,1.1333097
15.7,1.12865250358388,1.15282042842054,1.1579123
41.2,0.356799636500776,1.11941250793444,1.1203297
41.2,0.526790122794219,1.16084611262776,1.1631374
41.2,0.715367793057781,1.20606683986964,1.2066066
41.2,0.928050876533738,1.25623954815574,1.25545
41.2,1.17695916943359,1.3135601950906,1.3151951
41.2,1.48917099542066,1.38959688035925,1.3938916
34.3333333333333,0.349934602035151,1.0981109211243,1.103783
34.3333333333333,0.512075693515798,1.13739056973591,1.1410276
34.3333333333333,0.689538811309132,1.1766468654794,1.1781431
34.3333333333333,0.88596759150321,1.21854636397756,1.2180254
34.3333333333333,1.10809261055758,1.26655931877844,1.2661463
34.3333333333333,1.37009031695762,1.32456631818508,1.3258057
29.4285714285714,0.344606170693707,1.0869459150885,1.0908245
29.4285714285714,0.50178426196711,1.11940397705045,1.1247536
29.4285714285714,0.67131844346851,1.15576640725092,1.1579826
29.4285714285714,0.857069413486225,1.19105914926365,1.1917509
29.4285714285714,1.06305573128329,1.23083224385519,1.231817
29.4285714285714,1.29775027020927,1.27858781365695,1.2805456
25.75,1.03067883384441,1.20466990577558,1.2069664
25.75,1.24826191486551,1.24449515332586,1.2465055
25.75,0.340910101943875,1.07599527232345,1.0800264
25.75,0.494210714285469,1.10534839150522,1.1111652
25.75,0.658317768385602,1.13769252437363,1.1418208
25.75,0.835887408748032,1.17038356441857,1.1720564
22.8888888888889,0.648157083664449,1.12444299202974,1.1275142
22.8888888888889,0.820062501710653,1.15299086265877,1.1560017
22.8888888888889,1.00598399553017,1.18546619079363,1.1867248
22.8888888888889,1.21085959861465,1.22144387149705,1.2210661
22.8888888888889,0.337731469709777,1.07046966048399,1.070634
22.8888888888889,0.48818958842681,1.09562752112599,1.0986277
20.6,0.483508751615561,1.08703615051018,1.0882666
20.6,0.64057544896498,1.11150121533299,1.1152107
20.6,0.808003317711565,1.1375126660304,1.1416223
20.6,0.987438553616336,1.16796332462356,1.1703578
20.6,1.1826391957453,1.20206376580489,1.2023644
20.6,0.335613971199735,1.06223681398347,1.0638049
42.5,0.358368811070433,1.12086034198469,1.1234809
42.5,0.529138321378157,1.16804292058212,1.1673868
42.5,0.720050908811242,1.21281279201598,1.2121476
42.5,0.935943707414346,1.26448107195505,1.2626071
42.5,1.19022674541493,1.32407700382067,1.3241928
42.5,1.51397614463568,1.40463355529535,1.4079279
36.4285714285714,0.351880590762872,1.10598195775598,1.1090146
36.4285714285714,0.516381395841597,1.14566715890902,1.147536
36.4285714285714,0.697055161197573,1.18723480169121,1.1864786
36.4285714285714,0.898914600617404,1.2290218582615,1.22924
36.4285714285714,1.12770248954358,1.28316454120994,1.2810988
36.4285714285714,1.4037827135462,1.3443373452688,1.3453963
31.875,1.33238051390918,1.3025452186721,1.3031014
31.875,0.347205105194592,1.09313721784834,1.09733
31.875,0.506822397683547,1.1290192621098,1.133083
31.875,0.680312159187008,1.16657795695464,1.1681575
31.875,0.871551483332842,1.20429018600399,1.2049999
31.875,1.08498428446507,1.24930583656447,1.2486149
28.3333333333333,0.850908213088037,1.18420031923319,1.1858863
28.3333333333333,1.0528773357211,1.22441048331745,1.2243644
28.3333333333333,1.28172067233057,1.27091053213574,1.2701576
28.3333333333333,0.343423315909208,1.08447010139409,1.0877829
28.3333333333333,0.499232553440788,1.11714784768802,1.1208522
28.3333333333333,0.667490994737689,1.15020965324016,1.1534017
25.5,0.657156568521428,1.13790715080546,1.1405891
25.5,0.834474585848123,1.16894068910533,1.1707244
25.5,1.02839295716599,1.20331428943283,1.2052102
25.5,1.24403132745766,1.24489419819639,1.2440511
25.5,0.340470308342628,1.07704887983253,1.0791966
25.5,0.493328732921977,1.10685953253576,1.1100652
43.4285714285714,0.35924935110722,1.12415406166152,1.1257147
43.4285714285714,0.53143307479973,1.16931569986839,1.1705643
43.4285714285714,0.723822640988521,1.21552810080514,1.2162166
43.4285714285714,0.94188433178953,1.26938246557433,1.2677425
43.4285714285714,1.20036707248151,1.33009715749459,1.3307519
43.4285714285714,1.53263514527284,1.41524779950148,1.4181798
38.0,0.353643334605103,1.10906619321632,1.1128308
38.0,0.519707009250244,1.15128091806131,1.15252
38.0,0.702665981160554,1.19524378000561,1.1928608
38.0,0.907977573930198,1.23959210814395,1.2376552
38.0,1.14429136322517,1.29089156873192,1.2926033
38.0,1.43034657971014,1.3594179207087,1.3606209
33.7777777777778,1.1028099067772,1.26262490310134,1.2621516
33.7777777777778,1.36110712910647,1.32015375312066,1.3206059
33.7777777777778,0.3489483337551,1.1004157348109,1.1022623
33.7777777777778,0.510854485763432,1.13566871591307,1.1392678
33.7777777777778,0.687471416369888,1.17424453449488,1.1759177
33.7777777777778,0.882925509540326,1.21452474275026,1.2151474
30.4,0.675206309761053,1.15853455968303,1.1620933
30.4,0.862661602209803,1.19685700679113,1.1969892
30.4,1.0716899040019,1.23821389178898,1.2384119
30.4,1.31095672957282,1.28886241278868,1.2894628
30.4,0.345493569797768,1.09083271657729,1.0934075
30.4,0.50362177931653,1.12437536733196,1.1280622
44.125,0.360076833185038,1.12508610061026,1.1274488
44.125,0.532904685695633,1.17185921701813,1.1728941
44.125,0.726276856420593,1.21948423580792,1.219191
44.125,0.946927610059178,1.27091737280029,1.271699
44.125,1.20793820657987,1.33511159761488,1.3356588
44.125,1.54737548580023,1.42262251968176,1.426002
39.2222222222222,1.45162783942216,1.37192953551706,1.3728509
39.2222222222222,0.35496325208744,1.11193393035191,1.1157241
39.2222222222222,0.52244357069009,1.15468719469183,1.1565261
39.2222222222222,0.70776572685661,1.19816837148487,1.198109
39.2222222222222,0.915799592686654,1.24530780699842,1.2444589
39.2222222222222,1.15636110879372,1.30028715096258,1.3012255
35.3,0.891969689173634,1.22326434121196,1.2231846
35.3,1.11718293280492,1.2738661215781,1.2730721
35.3,1.38533666259171,1.33376924901766,1.3347571
35.3,0.350706919061846,1.10293824368835,1.1062043
35.3,0.513828541002915,1.14260893629786,1.1439785
35.3,0.692663215077958,1.18320697124003,1.1819091
44.6666666666667,0.360699558327064,1.12595781811674,1.1288084
44.6666666666667,0.533855294827845,1.1750628186889,1.1746688
44.6666666666667,0.72838333727815,1.2216378539401,1.2215567
44.6666666666667,0.950122093558161,1.27491153589,1.2745732
44.6666666666667,1.21382329656563,1.33911986626375,1.3394767
44.6666666666667,1.55936257798257,1.42799879068107,1.4321592
40.2,1.16628517699091,1.30738340259096,1.3081028
40.2,1.46977248800741,1.38087867791425,1.3830818
40.2,0.355895877256107,1.11532525560354,1.1180012
40.2,0.524464878548782,1.15846677741979,1.1597493
40.2,0.710750028279588,1.20569375766666,1.202124
40.2,0.921905861265114,1.25058318642734,1.2499014
45.1,1.56841070048036,1.43412745923143,1.436884
45.1,0.360896768947508,1.12951969927845,1.1298383
45.1,0.534857826287587,1.17609284403962,1.1761551
45.1,0.73020888720473,1.22267446042557,1.2234854
45.1,0.952596355101306,1.27837874953967,1.2768344
45.1,1.21862200877406,1.34222552436648,1.3425577
50.0,1.69388265931374,1.49330423660271,1.490012
50.0,0.36624601562282,1.14042843609704,1.1434841
50.0,0.545516203607321,1.19212681481051,1.1935048
50.0,0.748893775405898,1.24448983997821,1.244617
50.0,0.985505045751315,1.3021564614193,1.3023112
50.0,1.27537456708831,1.3780797168499,1.378478
10.0,0.315427375647189,1.02849505473109,1.030599
10.0,0.448356446080616,1.04040359450191,1.0424911
10.0,0.585637818288944,1.05176244981004,1.061891
10.0,0.727440527057698,1.06414606965386,1.0702354
10.0,0.874305654385233,1.07730425134453,1.0848047
10.0,1.02672577302627,1.09181039304167,1.0991348
29.5,0.344527405117392,1.08861223073537,1.0909904
29.5,0.50168564724878,1.1214677342592,1.1249474
29.5,0.671946831941493,1.15443877991429,1.1583494
29.5,0.857470189534835,1.19166449463576,1.1921338
29.5,1.06316938952199,1.2335062195967,1.2321966
29.5,1.29828952758248,1.28129879750226,1.2811121
19.6666666666667,0.637250176412751,1.10753519288956,1.1102654
19.6666666666667,0.802451961747718,1.13412253230355,1.1358469
19.6666666666667,0.979883587831916,1.161412016416,1.1630712
19.6666666666667,1.17211036689509,1.19287293865449,1.1949791
19.6666666666667,0.334683930718856,1.05947848247404,1.0613775
19.6666666666667,0.481728276205246,1.08288951642555,1.084328
14.75,0.329890933131024,1.04525044919878,1.0484008
14.75,0.472029100350129,1.06424638039009,1.064268
14.75,0.620819303906525,1.0831249369161,1.0858611
14.75,0.77697476416207,1.10335606678416,1.1052175
14.75,0.942069962468001,1.12409863484677,1.1263158
14.75,1.11725159007224,1.14834207114202,1.1508248
11.8,0.327194720566788,1.03649012175416,1.0373535
11.8,0.466888102233722,1.05039687029623,1.0511291
11.8,0.611750555701025,1.0671923296203,1.0692463
11.8,0.762857638524277,1.08398015680737,1.0848471
11.8,0.921397280159997,1.10041248692883,1.1023932
11.8,1.08765446358325,1.12050451548545,1.1222922
36.0,0.351418621555414,1.10512838289601,1.1079535
36.0,0.515695905359358,1.1427666680334,1.146245
36.0,0.69562273664354,1.18455591713605,1.184785
36.0,0.89583215867306,1.22869338459168,1.2268376
36.0,1.12430591641394,1.27807880363563,1.2781967
36.0,1.39698791282432,1.34048959248619,1.3413957
27.0,0.496405014551748,1.11267231002747,1.1159691
27.0,0.662844162998722,1.14332698826438,1.1475922
27.0,0.843122489611111,1.17723502318817,1.17873
27.0,1.04129674971216,1.21470569708256,1.2154442
27.0,1.26422869450533,1.25792563018272,1.257883
27.0,0.342130300820447,1.07992853788774,1.0838993
21.6,0.336854232369175,1.06262153645961,1.066672
21.6,0.485074121225057,1.09399826029261,1.0926282
21.6,0.64378714514794,1.11764314884779,1.1205771
21.6,0.812902708805056,1.14581381268241,1.1478432
21.6,0.99556830548613,1.17558014589801,1.1776583
21.6,1.19524848717208,1.20994216171504,1.2104199
18.0,0.332634355950756,1.05839571610962,1.0572056
18.0,0.4783598915204,1.07681547192975,1.0776807
18.0,0.631371345692129,1.10040728502805,1.1017343
18.0,0.793682758513237,1.1236162980979,1.1260065
18.0,0.966814483688302,1.14860556046082,1.1496258
18.0,1.15302283912492,1.17744498050053,1.1799772
15.4285714285714,0.947054468479579,1.12948289354016,1.1314098
15.4285714285714,1.12469192646696,1.15391445746172,1.1557684
15.4285714285714,0.330201956435775,1.05037435900783,1.0503752
15.4285714285714,0.473206312102746,1.06762704141908,1.0671862
15.4285714285714,0.623115046742732,1.08608573796473,1.0891086
15.4285714285714,0.780580128431217,1.10685303490262,1.109557
13.5,0.61694348306363,1.07617688374645,1.0792398
13.5,0.771002492991265,1.09460262544692,1.0971937
13.5,0.932928017057214,1.11474380686,1.1164062
13.5,1.10431336390841,1.13680897983705,1.1396463
13.5,0.328354021509461,1.04514265095591,1.0442147
13.5,0.469774251227386,1.05854832090692,1.0586214
12.0,0.466803055877499,1.05423034441917,1.0519198
12.0,0.612095107284805,1.06960319639475,1.0702643
12.0,0.763775497188779,1.08529694541945,1.0860947
12.0,0.922533766003217,1.10276106911977,1.1040517
12.0,1.0894896996512,1.12266177223119,1.1240513
12.0,0.327263310617897,1.03826863081557,1.0381955
10.8,0.326579614332974,1.03100337340601,1.0334684
10.8,0.464810182826582,1.0487428588808,1.0471122
10.8,0.608737405740985,1.06239593479414,1.0656434
10.8,0.758316648389679,1.07753468634195,1.0787491
10.8,0.914474996380155,1.09360515203626,1.094286
10.8,1.07823774220543,1.1113019572634,1.1125542
39.25,0.915691481171221,1.24668903457765,1.2445486
39.25,1.15674784932282,1.30055879636977,1.301447
39.25,1.45258199755412,1.37209966639332,1.3732514
39.25,0.354530140756427,1.11618651471121,1.1156921
39.25,0.522422591401529,1.15537768074986,1.1565987
39.25,0.707810613000889,1.19869765128203,1.1982138
31.4,0.505496946326042,1.12942525499985,1.1314166
31.4,0.678585664455071,1.1644768147674,1.1661967
31.4,0.868786407143341,1.20150855723405,1.202448
31.4,1.08003868156924,1.24822772270311,1.2451693
31.4,1.32575024971652,1.29801030957078,1.2987957
31.4,0.346766571488889,1.09122456068549,1.0960922
26.1666666666667,0.341063837083634,1.07974552794194,1.0812993
26.1666666666667,0.494477465758236,1.11090441059454,1.1127092
26.1666666666667,0.659470414753214,1.14133274768177,1.1437097
26.1666666666667,0.838758393324695,1.17093188674528,1.1743574
26.1666666666667,1.0337164613887,1.2099076569133,1.209727
26.1666666666667,1.2531429748607,1.25045265928299,1.2502016
22.4285714285714,0.337518570319685,1.06672105510442,1.0691961
22.4285714285714,0.48695712090647,1.09585115428849,1.0964544
22.4285714285714,0.646745266886295,1.12117845362927,1.1250834
22.4285714285714,0.817481069530445,1.15052529446578,1.1531212
22.4285714285714,1.00157434052862,1.18435826332827,1.183379
22.4285714285714,1.20653036203619,1.21411433926356,1.2174041
19.625,0.979649612087283,1.16085284442662,1.1627517
19.625,1.17118299004699,1.1936475381774,1.194572
19.625,0.334532496752698,1.06037196731999,1.061261
19.625,0.481175631924238,1.08587183748528,1.0840689
19.625,0.636684123508856,1.10951934964283,1.1099839
19.625,0.802116862957515,1.13441961567106,1.1355809
17.4444444444444,0.629688657333708,1.09673400520596,1.0989693
17.4444444444444,0.790376258822956,1.12183803140988,1.1226091
17.4444444444444,0.962669881176266,1.14374712389573,1.1455162
17.4444444444444,1.14697255231134,1.17169142102896,1.1742835
17.4444444444444,0.332400735116755,1.05381709466696,1.0558262
17.4444444444444,0.47748787373149,1.07306442011776,1.0755314
15.7,0.473833031343221,1.06793456701559,1.068354
15.7,0.623632279622923,1.08949784065342,1.0903555
15.7,0.782093525762138,1.10797717329049,1.1113646
15.7,0.949403850288467,1.13031070340916,1.1333847
15.7,1.12714265435775,1.15780364310806,1.1577202
15.7,0.3307238757874,1.04859901072051,1.0511614
41.2,0.526424282255038,1.16220955833953,1.1630508
41.2,0.714895783138695,1.2074667531209,1.206499
41.2,0.928075076031214,1.25699742223239,1.2554557
41.2,1.17716407393221,1.31322903943046,1.3152444
41.2,1.48911555652368,1.39204703728835,1.3938769
41.2,0.35706394702852,1.11615289900301,1.1203865
34.3333333333333,0.349055259261485,1.10010255859303,1.1036055
34.3333333333333,0.511547443543739,1.13429468758133,1.1409105
34.3333333333333,0.688288207168462,1.17777338079111,1.1778947
34.3333333333333,0.886443698032089,1.21734999571255,1.2181238
34.3333333333333,1.10885081881121,1.26679609713873,1.2663184
34.3333333333333,1.37060418065561,1.32397519614891,1.3259226
29.4285714285714,0.344599347059897,1.08698610318651,1.0908232
29.4285714285714,0.501826536082946,1.11912699143886,1.1247629
29.4285714285714,0.671751054425498,1.1538758433159,1.1580637
29.4285714285714,0.857140833136515,1.19100484517599,1.1917644
29.4285714285714,1.06243415417428,1.23327281120121,1.2316947
29.4285714285714,1.29686415503542,1.28166243196829,1.280356
25.75,0.3409021082514,1.07607796120957,1.080025
25.75,0.493901581816328,1.10746017969916,1.1110997
25.75,0.658235929993091,1.13810907470543,1.1418061
25.75,0.836366701573034,1.16872221482486,1.1721348
25.75,1.03040963425956,1.20584577728844,1.2069169
25.75,1.24733955413799,1.24762129771658,1.246331
22.8888888888889,1.00605747873153,1.18638345228056,1.1867375
22.8888888888889,1.21083098077303,1.2210327129843,1.2210615
22.8888888888889,0.337732691673336,1.06962537158852,1.0706342
22.8888888888889,0.487825514352217,1.09732864323565,1.098553
22.8888888888889,0.648134088267025,1.12426808443479,1.1275103
22.8888888888889,0.820101075383295,1.15346623029505,1.156008
20.6,0.64022066255993,1.11336301190555,1.1151543
20.6,0.807585136282124,1.13926342212645,1.1415608
20.6,0.987904030460955,1.16654448049954,1.1704359
20.6,1.18367512578121,1.19968084099301,1.202515
20.6,0.335603950509494,1.06233154738609,1.0638037
20.6,0.483488453751933,1.0872003546327,1.0882626
42.5,0.354836713683733,1.10855643320251,1.1227126
42.5,0.52938772861482,1.16654153022648,1.1674463
42.5,0.720031462123823,1.21292288669989,1.2121433
42.5,0.935924675924478,1.26482476519871,1.2626024
42.5,1.19064025923605,1.32325337337108,1.3242939
42.5,1.51442369327614,1.4047708686931,1.4080489
36.4285714285714,0.351924223682438,1.10549090787096,1.1090237
36.4285714285714,0.516331133820199,1.14567065249252,1.147525
36.4285714285714,0.696920623035697,1.18693863548356,1.186451
36.4285714285714,0.898169903812084,1.23091959227606,1.2290791
36.4285714285714,1.12900100042409,1.28065482097229,1.2814018
36.4285714285714,1.40325071068021,1.3450336683582,1.3452704
31.875,0.347247442454288,1.09270890418135,1.0973381
31.875,0.506808724792055,1.12910422712501,1.1330799
31.875,0.680297526595243,1.16679601600062,1.1681546
31.875,0.871507063027915,1.20446787742898,1.2049911
31.875,1.085383076887,1.24850330906983,1.2487
31.875,1.33305703561675,1.30142733844132,1.3032509
28.3333333333333,1.28212546384517,1.27045176486117,1.2702421
28.3333333333333,0.342900968481815,1.08310133354939,1.0876912
28.3333333333333,0.498847158067983,1.1151217308433,1.1207694
28.3333333333333,0.667465862507533,1.15031043287011,1.1533971
28.3333333333333,0.851976797279773,1.1887548259108,1.1860803
28.3333333333333,1.05282786941908,1.22495204233091,1.2243551
25.5,0.834777281938441,1.16794576201533,1.1707734
25.5,1.02875400198411,1.20240247888387,1.2052765
25.5,1.24461917177335,1.24386334035133,1.2441607
25.5,0.340510829869606,1.07666430017581,1.0792031
25.5,0.493556115018416,1.10544979843047,1.1101133
25.5,0.657525301764083,1.13613189055757,1.1406552
43.4285714285714,0.359388712482462,1.12290622517539,1.1257457
43.4285714285714,0.531556029782285,1.16855277891374,1.1705936
43.4285714285714,0.723334903285711,1.21799094980616,1.2161028
43.4285714285714,0.942433144130866,1.26745681792619,1.2678752
43.4285714285714,1.20069535135955,1.32961474418133,1.3308332
43.4285714285714,1.53338834789586,1.41465092875543,1.4183841
38.0,0.35363777512655,1.10911900512892,1.1128296
38.0,0.519696076447343,1.15135018987908,1.1525174
38.0,0.703083145904436,1.19337211115644,1.1929507
38.0,0.908497199310589,1.23791756287195,1.2377714
38.0,1.14425750168089,1.29137616465403,1.2925953
38.0,1.43059767285892,1.35978331235841,1.3606828
33.7777777777778,0.348982939165326,1.10008706717109,1.1022692
33.7777777777778,0.510637166786923,1.13712850321663,1.1392195
33.7777777777778,0.687365080712185,1.17486216869516,1.1758968
33.7777777777778,0.882298240272838,1.21703110739766,1.2150187
33.7777777777778,1.10277572692383,1.26311854702743,1.2621439
33.7777777777778,1.36140529216735,1.32020453823532,1.320673
30.4,1.07127932503552,1.23984121004,1.2383285
30.4,1.31209315485813,1.28660786435641,1.2897098
30.4,0.345446500979713,1.09123580279214,1.0933987
30.4,0.50360765421925,1.12445587055446,1.1280591
30.4,0.675350974504823,1.15783876424514,1.162121
30.4,0.863261090943847,1.19456893615481,1.1971064
44.125,0.360072013395285,1.12514562684518,1.1274477
44.125,0.532926501751224,1.17172963009083,1.1728994
44.125,0.726253096747787,1.21968300669242,1.2191854
44.125,0.946169100833926,1.27390430088356,1.2715151
44.125,1.2078945820721,1.33568987392217,1.335648
44.125,1.5476283718924,1.42337147773297,1.4260703
39.2222222222222,0.354888240471533,1.11262529792016,1.1157082
39.2222222222222,0.522464317697512,1.15456745526875,1.1565307
39.2222222222222,0.707977241879522,1.19714245131062,1.198156
39.2222222222222,0.916013973582143,1.24466467750006,1.2445079
39.2222222222222,1.15630933040559,1.30082927779258,1.3012131
39.2222222222222,1.45189575048074,1.37228874856655,1.3729191
35.3,1.3856245054648,1.33390014073756,1.3348236
35.3,0.350666358916372,1.10330973387778,1.1061959
35.3,0.514004886935541,1.14163532303615,1.1440176
35.3,0.69286908917351,1.18217792386937,1.1819504
35.3,0.891711996869107,1.22441017262726,1.2231303
35.3,1.11776620800692,1.27242236341479,1.2732065
44.6666666666667,0.360694870156401,1.12601765215593,1.1288072
44.6666666666667,0.534041641168509,1.17390281085071,1.1747137
44.6666666666667,0.728361915495994,1.2218020323845,1.2215515
44.6666666666667,0.9500879078882,1.27524889153659,1.274565
44.6666666666667,1.21389576199762,1.33936861069899,1.3394953
44.6666666666667,1.55959414168317,1.4288266330858,1.4322217
40.2,0.355780876791879,1.11642597960862,1.1179768
40.2,0.524357995135015,1.15926998183963,1.1597242
40.2,0.71144626560934,1.20238278384637,1.2022808
40.2,0.922092138609129,1.25001300183755,1.2499449
40.2,1.16621250080445,1.30796728665953,1.3080857
40.2,1.46971477303359,1.38204762932705,1.3830663
45.1,0.360864931232726,1.12981529750505,1.129831
45.1,0.535107277656875,1.17452591634946,1.1762159
45.1,0.730194017802156,1.22285885496008,1.2234818
45.1,0.952566975594625,1.27868084302084,1.2768272
45.1,1.21884119427651,1.34206778152055,1.3426133
45.1,1.56917400020793,1.43370818694825,1.4370879
50.0,0.366291177088667,1.13996778623419,1.1434972
50.0,0.545507366296823,1.19221215243929,1.1935027
50.0,0.74905882764318,1.24387819541412,1.2446572
50.0,0.985336926916103,1.3028884160999,1.3022693
50.0,1.27533199701606,1.37852974111875,1.378466
50.0,1.69451689725936,1.49378114780722,1.4901499
