prox_x,prox_y,dist_x,dist_y
3.42753081381843*sqrt(pi)*(-0.784830465168345*fresnelc(1.08874508203644/sqrt(pi)) + 0.619710529960271*fresnels(1.08874508203644/sqrt(pi))) - 3.42753081381843*sqrt(pi)*(-0.784830465168345*fresnelc(11.0084224961462/sqrt(pi)) + 0.619710529960271*fresnels(11.0084224961462/sqrt(pi))),-3.42753081381843*sqrt(pi)*(0.619710529960271*fresnelc(11.0084224961462/sqrt(pi)) + 0.784830465168345*fresnels(11.0084224961462/sqrt(pi))) + 3.42753081381843*sqrt(pi)*(0.784830465168345*fresnels(1.08874508203644/sqrt(pi)) + 0.619710529960271*fresnelc(1.08874508203644/sqrt(pi))),3.42753081381843*sqrt(pi)*(-0.784830465168345*fresnelc(1.08874508203644/sqrt(pi)) + 0.619710529960271*fresnels(1.08874508203644/sqrt(pi))) + 0.0713312825656883 - 3.42753081381843*sqrt(pi)*(-0.784830465168345*fresnelc(11.0084224961462/sqrt(pi)) + 0.619710529960271*fresnels(11.0084224961462/sqrt(pi))),-3.42753081381843*sqrt(pi)*(0.619710529960271*fresnelc(11.0084224961462/sqrt(pi)) + 0.784830465168345*fresnels(11.0084224961462/sqrt(pi))) + 0.274226852152576 + 3.42753081381843*sqrt(pi)*(0.784830465168345*fresnels(1.08874508203644/sqrt(pi)) + 0.619710529960271*fresnelc(1.08874508203644/sqrt(pi)))
3.42753081381843*sqrt(pi)*(-0.784830465168345*fresnelc(1.08874508203644/sqrt(pi)) + 0.619710529960271*fresnels(1.08874508203644/sqrt(pi))) - 3.42753081381843*sqrt(pi)*(-0.784830465168345*fresnelc(11.0084224961462/sqrt(pi)) + 0.619710529960271*fresnels(11.0084224961462/sqrt(pi))),-3.42753081381843*sqrt(pi)*(0.619710529960271*fresnelc(11.0084224961462/sqrt(pi)) + 0.784830465168345*fresnels(11.0084224961462/sqrt(pi))) + 3.42753081381843*sqrt(pi)*(0.784830465168345*fresnels(1.08874508203644/sqrt(pi)) + 0.619710529960271*fresnelc(1.08874508203644/sqrt(pi))),3.42753081381843*sqrt(pi)*(-0.784830465168345*fresnelc(1.08874508203644/sqrt(pi)) + 0.619710529960271*fresnels(1.08874508203644/sqrt(pi))) - 3.42753081381843*sqrt(pi)*(-0.784830465168345*fresnelc(11.0084224961462/sqrt(pi)) + 0.619710529960271*fresnels(11.0084224961462/sqrt(pi))) + 0.517021379870858,-3.42753081381843*sqrt(pi)*(0.619710529960271*fresnelc(11.0084224961462/sqrt(pi)) + 0.784830465168345*fresnels(11.0084224961462/sqrt(pi))) + 0.411276374903962 + 3.42753081381843*sqrt(pi)*(0.784830465168345*fresnels(1.08874508203644/sqrt(pi)) + 0.619710529960271*fresnelc(1.08874508203644/sqrt(pi)))
3.42753081381843*sqrt(pi)*(-0.784830465168345*fresnelc(1.08874508203644/sqrt(pi)) + 0.619710529960271*fresnels(1.08874508203644/sqrt(pi))) - 3.42753081381843*sqrt(pi)*(-0.784830465168345*fresnelc(11.0084224961462/sqrt(pi)) + 0.619710529960271*fresnels(11.0084224961462/sqrt(pi))),-3.42753081381843*sqrt(pi)*(0.619710529960271*fresnelc(11.0084224961462/sqrt(pi)) + 0.784830465168345*fresnels(11.0084224961462/sqrt(pi))) + 3.42753081381843*sqrt(pi)*(0.784830465168345*fresnels(1.08874508203644/sqrt(pi)) + 0.619710529960271*fresnelc(1.08874508203644/sqrt(pi))),3.42753081381843*sqrt(pi)*(-0.784830465168345*fresnelc(1.08874508203644/sqrt(pi)) + 0.619710529960271*fresnels(1.08874508203644/sqrt(pi))) - 3.42753081381843*sqrt(pi)*(-0.784830465168345*fresnelc(11.0084224961462/sqrt(pi)) + 0.619710529960271*fresnels(11.0084224961462/sqrt(pi))) + 1.01746610690262,-3.42753081381843*sqrt(pi)*(0.619710529960271*fresnelc(11.0084224961462/sqrt(pi)) + 0.784830465168345*fresnels(11.0084224961462/sqrt(pi))) + 0.0281203532074415 + 3.42753081381843*sqrt(pi)*(0.784830465168345*fresnels(1.08874508203644/sqrt(pi)) + 0.619710529960271*fresnelc(1.08874508203644/sqrt(pi)))
3.42753081381843*sqrt(pi)*(-0.784830465168345*fresnelc(1.08874508203644/sqrt(pi)) + 0.619710529960271*fresnels(1.08874508203644/sqrt(pi))) - 3.42753081381843*sqrt(pi)*(-0.784830465168345*fresnelc(11.0084224961462/sqrt(pi)) + 0.619710529960271*fresnels(11.0084224961462/sqrt(pi))),-3.42753081381843*sqrt(pi)*(0.619710529960271*fresnelc(11.0084224961462/sqrt(pi)) + 0.784830465168345*fresnels(11.0084224961462/sqrt(pi))) + 3.42753081381843*sqrt(pi)*(0.784830465168345*fresnels(1.08874508203644/sqrt(pi)) + 0.619710529960271*fresnelc(1.08874508203644/sqrt(pi))),3.42753081381843*sqrt(pi)*(-0.784830465168345*fresnelc(1.08874508203644/sqrt(pi)) + 0.619710529960271*fresnels(1.08874508203644/sqrt(pi))) - 3.42753081381843*sqrt(pi)*(-0.784830465168345*fresnelc(11.0084224961462/sqrt(pi)) + 0.619710529960271*fresnels(11.0084224961462/sqrt(pi))) + 1.03859341578343,-3.42753081381843*sqrt(pi)*(0.619710529960271*fresnelc(11.0084224961462/sqrt(pi)) + 0.784830465168345*fresnels(11.0084224961462/sqrt(pi))) - 0.736319572482919 + 3.42753081381843*sqrt(pi)*(0.784830465168345*fresnels(1.08874508203644/sqrt(pi)) + 0.619710529960271*fresnelc(1.08874508203644/sqrt(pi)))
3.42753081381843*sqrt(pi)*(-0.784830465168345*fresnelc(1.08874508203644/sqrt(pi)) + 0.619710529960271*fresnels(1.08874508203644/sqrt(pi))) - 3.42753081381843*sqrt(pi)*(-0.784830465168345*fresnelc(11.0084224961462/sqrt(pi)) + 0.619710529960271*fresnels(11.0084224961462/sqrt(pi))),-3.42753081381843*sqrt(pi)*(0.619710529960271*fresnelc(11.0084224961462/sqrt(pi)) + 0.784830465168345*fresnels(11.0084224961462/sqrt(pi))) + 3.42753081381843*sqrt(pi)*(0.784830465168345*fresnels(1.08874508203644/sqrt(pi)) + 0.619710529960271*fresnelc(1.08874508203644/sqrt(pi))),3.42753081381843*sqrt(pi)*(-0.784830465168345*fresnelc(1.08874508203644/sqrt(pi)) + 0.619710529960271*fresnels(1.08874508203644/sqrt(pi))) - 3.42753081381843*sqrt(pi)*(-0.784830465168345*fresnelc(11.0084224961462/sqrt(pi)) + 0.619710529960271*fresnels(11.0084224961462/sqrt(pi))) + 8.53469739086207,-26.6675634516244 - 3.42753081381843*sqrt(pi)*(0.619710529960271*fresnelc(11.0084224961462/sqrt(pi)) + 0.784830465168345*fresnels(11.0084224961462/sqrt(pi))) + 3.42753081381843*sqrt(pi)*(0.784830465168345*fresnels(1.08874508203644/sqrt(pi)) + 0.619710529960271*fresnelc(1.08874508203644/sqrt(pi)))
3.22591135418205*sqrt(pi)*(-0.784830465168349*fresnelc(1.08874508203644/sqrt(pi)) + 0.619710529960265*fresnels(1.08874508203644/sqrt(pi))) - 3.22591135418205*sqrt(pi)*(-0.784830465168349*fresnelc(11.0084224961462/sqrt(pi)) + 0.619710529960265*fresnels(11.0084224961462/sqrt(pi))),-3.22591135418205*sqrt(pi)*(0.619710529960265*fresnelc(11.0084224961462/sqrt(pi)) + 0.784830465168349*fresnels(11.0084224961462/sqrt(pi))) + 3.22591135418205*sqrt(pi)*(0.784830465168349*fresnels(1.08874508203644/sqrt(pi)) + 0.619710529960265*fresnelc(1.08874508203644/sqrt(pi))),3.22591135418205*sqrt(pi)*(-0.784830465168349*fresnelc(1.08874508203644/sqrt(pi)) + 0.619710529960265*fresnels(1.08874508203644/sqrt(pi))) - 0.418087616307034 - 3.22591135418205*sqrt(pi)*(-0.784830465168349*fresnelc(11.0084224961462/sqrt(pi)) + 0.619710529960265*fresnels(11.0084224961462/sqrt(pi))),-3.22591135418205*sqrt(pi)*(0.619710529960265*fresnelc(11.0084224961462/sqrt(pi)) + 0.784830465168349*fresnels(11.0084224961462/sqrt(pi))) - 1.20251633719497 + 3.22591135418205*sqrt(pi)*(0.784830465168349*fresnels(1.08874508203644/sqrt(pi)) + 0.619710529960265*fresnelc(1.08874508203644/sqrt(pi)))
3.22591135418205*sqrt(pi)*(-0.784830465168349*fresnelc(1.08874508203644/sqrt(pi)) + 0.619710529960265*fresnels(1.08874508203644/sqrt(pi))) - 3.22591135418205*sqrt(pi)*(-0.784830465168349*fresnelc(11.0084224961462/sqrt(pi)) + 0.619710529960265*fresnels(11.0084224961462/sqrt(pi))),-3.22591135418205*sqrt(pi)*(0.619710529960265*fresnelc(11.0084224961462/sqrt(pi)) + 0.784830465168349*fresnels(11.0084224961462/sqrt(pi))) + 3.22591135418205*sqrt(pi)*(0.784830465168349*fresnels(1.08874508203644/sqrt(pi)) + 0.619710529960265*fresnelc(1.08874508203644/sqrt(pi))),3.22591135418205*sqrt(pi)*(-0.784830465168349*fresnelc(1.08874508203644/sqrt(pi)) + 0.619710529960265*fresnels(1.08874508203644/sqrt(pi))) - 0.844728533972098 - 3.22591135418205*sqrt(pi)*(-0.784830465168349*fresnelc(11.0084224961462/sqrt(pi)) + 0.619710529960265*fresnels(11.0084224961462/sqrt(pi))),-3.22591135418205*sqrt(pi)*(0.619710529960265*fresnelc(11.0084224961462/sqrt(pi)) + 0.784830465168349*fresnels(11.0084224961462/sqrt(pi))) - 0.567857144758639 + 3.22591135418205*sqrt(pi)*(0.784830465168349*fresnels(1.08874508203644/sqrt(pi)) + 0.619710529960265*fresnelc(1.08874508203644/sqrt(pi)))
3.22591135418205*sqrt(pi)*(-0.784830465168349*fresnelc(1.08874508203644/sqrt(pi)) + 0.619710529960265*fresnels(1.08874508203644/sqrt(pi))) - 3.22591135418205*sqrt(pi)*(-0.784830465168349*fresnelc(11.0084224961462/sqrt(pi)) + 0.619710529960265*fresnels(11.0084224961462/sqrt(pi))),-3.22591135418205*sqrt(pi)*(0.619710529960265*fresnelc(11.0084224961462/sqrt(pi)) + 0.784830465168349*fresnels(11.0084224961462/sqrt(pi))) + 3.22591135418205*sqrt(pi)*(0.784830465168349*fresnels(1.08874508203644/sqrt(pi)) + 0.619710529960265*fresnelc(1.08874508203644/sqrt(pi))),3.22591135418205*sqrt(pi)*(-0.784830465168349*fresnelc(1.08874508203644/sqrt(pi)) + 0.619710529960265*fresnels(1.08874508203644/sqrt(pi))) - 0.659740631917775 - 3.22591135418205*sqrt(pi)*(-0.784830465168349*fresnelc(11.0084224961462/sqrt(pi)) + 0.619710529960265*fresnels(11.0084224961462/sqrt(pi))),-3.22591135418205*sqrt(pi)*(0.619710529960265*fresnelc(11.0084224961462/sqrt(pi)) + 0.784830465168349*fresnels(11.0084224961462/sqrt(pi))) + 0.0346650024440506 + 3.22591135418205*sqrt(pi)*(0.784830465168349*fresnels(1.08874508203644/sqrt(pi)) + 0.619710529960265*fresnelc(1.08874508203644/sqrt(pi)))
3.22591135418205*sqrt(pi)*(-0.784830465168349*fresnelc(1.08874508203644/sqrt(pi)) + 0.619710529960265*fresnels(1.08874508203644/sqrt(pi))) - 3.22591135418205*sqrt(pi)*(-0.784830465168349*fresnelc(11.0084224961462/sqrt(pi)) + 0.619710529960265*fresnels(11.0084224961462/sqrt(pi))),-3.22591135418205*sqrt(pi)*(0.619710529960265*fresnelc(11.0084224961462/sqrt(pi)) + 0.784830465168349*fresnels(11.0084224961462/sqrt(pi))) + 3.22591135418205*sqrt(pi)*(0.784830465168349*fresnels(1.08874508203644/sqrt(pi)) + 0.619710529960265*fresnelc(1.08874508203644/sqrt(pi))),3.22591135418205*sqrt(pi)*(-0.784830465168349*fresnelc(1.08874508203644/sqrt(pi)) + 0.619710529960265*fresnels(1.08874508203644/sqrt(pi))) - 0.217295750239359 - 3.22591135418205*sqrt(pi)*(-0.784830465168349*fresnelc(11.0084224961462/sqrt(pi)) + 0.619710529960265*fresnels(11.0084224961462/sqrt(pi))),-3.22591135418205*sqrt(pi)*(0.619710529960265*fresnelc(11.0084224961462/sqrt(pi)) + 0.784830465168349*fresnels(11.0084224961462/sqrt(pi))) + 0.181854544188181 + 3.22591135418205*sqrt(pi)*(0.784830465168349*fresnels(1.08874508203644/sqrt(pi)) + 0.619710529960265*fresnelc(1.08874508203644/sqrt(pi)))
-3.95777167602761*sqrt(pi)*(-0.108368047354593*fresnels(9.53357353725474/sqrt(pi)) + 0.994110842065689*fresnelc(9.53357353725474/sqrt(pi))) + 3.95777167602761*sqrt(pi)*(-0.108368047354593*fresnels(0.942880899288931/sqrt(pi)) + 0.994110842065689*fresnelc(0.942880899288931/sqrt(pi))),3.95777167602761*sqrt(pi)*(-0.994110842065689*fresnels(0.942880899288931/sqrt(pi)) - 0.108368047354593*fresnelc(0.942880899288931/sqrt(pi))) - 3.95777167602761*sqrt(pi)*(-0.994110842065689*fresnels(9.53357353725474/sqrt(pi)) - 0.108368047354593*fresnelc(9.53357353725474/sqrt(pi))),-3.95777167602761*sqrt(pi)*(-0.108368047354593*fresnels(9.53357353725474/sqrt(pi)) + 0.994110842065689*fresnelc(9.53357353725474/sqrt(pi))) + 0.124136874225513 + 3.95777167602761*sqrt(pi)*(-0.108368047354593*fresnels(0.942880899288931/sqrt(pi)) + 0.994110842065689*fresnelc(0.942880899288931/sqrt(pi))),3.95777167602761*sqrt(pi)*(-0.994110842065689*fresnels(0.942880899288931/sqrt(pi)) - 0.108368047354593*fresnelc(0.942880899288931/sqrt(pi))) - 0.254712690636914 - 3.95777167602761*sqrt(pi)*(-0.994110842065689*fresnels(9.53357353725474/sqrt(pi)) - 0.108368047354593*fresnelc(9.53357353725474/sqrt(pi)))
-3.95777167602761*sqrt(pi)*(-0.108368047354593*fresnels(9.53357353725474/sqrt(pi)) + 0.994110842065689*fresnelc(9.53357353725474/sqrt(pi))) + 3.95777167602761*sqrt(pi)*(-0.108368047354593*fresnels(0.942880899288931/sqrt(pi)) + 0.994110842065689*fresnelc(0.942880899288931/sqrt(pi))),3.95777167602761*sqrt(pi)*(-0.994110842065689*fresnels(0.942880899288931/sqrt(pi)) - 0.108368047354593*fresnelc(0.942880899288931/sqrt(pi))) - 3.95777167602761*sqrt(pi)*(-0.994110842065689*fresnels(9.53357353725474/sqrt(pi)) - 0.108368047354593*fresnelc(9.53357353725474/sqrt(pi))),-3.95777167602761*sqrt(pi)*(-0.108368047354593*fresnels(9.53357353725474/sqrt(pi)) + 0.994110842065689*fresnelc(9.53357353725474/sqrt(pi))) - 0.125326867433533 + 3.95777167602761*sqrt(pi)*(-0.108368047354593*fresnels(0.942880899288931/sqrt(pi)) + 0.994110842065689*fresnelc(0.942880899288931/sqrt(pi))),3.95777167602761*sqrt(pi)*(-0.994110842065689*fresnels(0.942880899288931/sqrt(pi)) - 0.108368047354593*fresnelc(0.942880899288931/sqrt(pi))) - 0.648654407290206 - 3.95777167602761*sqrt(pi)*(-0.994110842065689*fresnels(9.53357353725474/sqrt(pi)) - 0.108368047354593*fresnelc(9.53357353725474/sqrt(pi)))
-3.95777167602761*sqrt(pi)*(-0.108368047354593*fresnels(9.53357353725474/sqrt(pi)) + 0.994110842065689*fresnelc(9.53357353725474/sqrt(pi))) + 3.95777167602761*sqrt(pi)*(-0.108368047354593*fresnels(0.942880899288931/sqrt(pi)) + 0.994110842065689*fresnelc(0.942880899288931/sqrt(pi))),3.95777167602761*sqrt(pi)*(-0.994110842065689*fresnels(0.942880899288931/sqrt(pi)) - 0.108368047354593*fresnelc(0.942880899288931/sqrt(pi))) - 3.95777167602761*sqrt(pi)*(-0.994110842065689*fresnels(9.53357353725474/sqrt(pi)) - 0.108368047354593*fresnelc(9.53357353725474/sqrt(pi))),-3.95777167602761*sqrt(pi)*(-0.108368047354593*fresnels(9.53357353725474/sqrt(pi)) + 0.994110842065689*fresnelc(9.53357353725474/sqrt(pi))) - 0.754670379405719 + 3.95777167602761*sqrt(pi)*(-0.108368047354593*fresnels(0.942880899288931/sqrt(pi)) + 0.994110842065689*fresnelc(0.942880899288931/sqrt(pi))),3.95777167602761*sqrt(pi)*(-0.994110842065689*fresnels(0.942880899288931/sqrt(pi)) - 0.108368047354593*fresnelc(0.942880899288931/sqrt(pi))) - 0.683008529527789 - 3.95777167602761*sqrt(pi)*(-0.994110842065689*fresnels(9.53357353725474/sqrt(pi)) - 0.108368047354593*fresnelc(9.53357353725474/sqrt(pi)))
-3.95777167602761*sqrt(pi)*(-0.108368047354593*fresnels(9.53357353725474/sqrt(pi)) + 0.994110842065689*fresnelc(9.53357353725474/sqrt(pi))) + 3.95777167602761*sqrt(pi)*(-0.108368047354593*fresnels(0.942880899288931/sqrt(pi)) + 0.994110842065689*fresnelc(0.942880899288931/sqrt(pi))),3.95777167602761*sqrt(pi)*(-0.994110842065689*fresnels(0.942880899288931/sqrt(pi)) - 0.108368047354593*fresnelc(0.942880899288931/sqrt(pi))) - 3.95777167602761*sqrt(pi)*(-0.994110842065689*fresnels(9.53357353725474/sqrt(pi)) - 0.108368047354593*fresnelc(9.53357353725474/sqrt(pi))),-3.95777167602761*sqrt(pi)*(-0.108368047354593*fresnels(9.53357353725474/sqrt(pi)) + 0.994110842065689*fresnelc(9.53357353725474/sqrt(pi))) - 1.26782652880076 + 3.95777167602761*sqrt(pi)*(-0.108368047354593*fresnels(0.942880899288931/sqrt(pi)) + 0.994110842065689*fresnelc(0.942880899288931/sqrt(pi))),3.95777167602761*sqrt(pi)*(-0.994110842065689*fresnels(0.942880899288931/sqrt(pi)) - 0.108368047354593*fresnelc(0.942880899288931/sqrt(pi))) - 0.116011589934564 - 3.95777167602761*sqrt(pi)*(-0.994110842065689*fresnels(9.53357353725474/sqrt(pi)) - 0.108368047354593*fresnelc(9.53357353725474/sqrt(pi)))
-3.95777167602761*sqrt(pi)*(-0.108368047354593*fresnels(9.53357353725474/sqrt(pi)) + 0.994110842065689*fresnelc(9.53357353725474/sqrt(pi))) + 3.95777167602761*sqrt(pi)*(-0.108368047354593*fresnels(0.942880899288931/sqrt(pi)) + 0.994110842065689*fresnelc(0.942880899288931/sqrt(pi))),3.95777167602761*sqrt(pi)*(-0.994110842065689*fresnels(0.942880899288931/sqrt(pi)) - 0.108368047354593*fresnelc(0.942880899288931/sqrt(pi))) - 3.95777167602761*sqrt(pi)*(-0.994110842065689*fresnels(9.53357353725474/sqrt(pi)) - 0.108368047354593*fresnelc(9.53357353725474/sqrt(pi))),-23.8252986869553 - 3.95777167602761*sqrt(pi)*(-0.108368047354593*fresnels(9.53357353725474/sqrt(pi)) + 0.994110842065689*fresnelc(9.53357353725474/sqrt(pi))) + 3.95777167602761*sqrt(pi)*(-0.108368047354593*fresnels(0.942880899288931/sqrt(pi)) + 0.994110842065689*fresnelc(0.942880899288931/sqrt(pi))),3.95777167602761*sqrt(pi)*(-0.994110842065689*fresnels(0.942880899288931/sqrt(pi)) - 0.108368047354593*fresnelc(0.942880899288931/sqrt(pi))) - 3.95777167602761*sqrt(pi)*(-0.994110842065689*fresnels(9.53357353725474/sqrt(pi)) - 0.108368047354593*fresnelc(9.53357353725474/sqrt(pi))) + 14.7090156868964
-3.72496157743775*sqrt(pi)*(-0.1083680473546*fresnels(9.53357353725474/sqrt(pi)) + 0.994110842065688*fresnelc(9.53357353725474/sqrt(pi))) + 3.72496157743775*sqrt(pi)*(-0.1083680473546*fresnels(0.94288089928893/sqrt(pi)) + 0.994110842065688*fresnelc(0.94288089928893/sqrt(pi))),3.72496157743775*sqrt(pi)*(-0.994110842065688*fresnels(0.94288089928893/sqrt(pi)) - 0.1083680473546*fresnelc(0.94288089928893/sqrt(pi))) - 3.72496157743775*sqrt(pi)*(-0.994110842065688*fresnels(9.53357353725474/sqrt(pi)) - 0.1083680473546*fresnelc(9.53357353725474/sqrt(pi))),-3.72496157743775*sqrt(pi)*(-0.1083680473546*fresnels(9.53357353725474/sqrt(pi)) + 0.994110842065688*fresnelc(9.53357353725474/sqrt(pi))) - 0.464365643043756 + 3.72496157743775*sqrt(pi)*(-0.1083680473546*fresnels(0.94288089928893/sqrt(pi)) + 0.994110842065688*fresnelc(0.94288089928893/sqrt(pi))),3.72496157743775*sqrt(pi)*(-0.994110842065688*fresnels(0.94288089928893/sqrt(pi)) - 0.1083680473546*fresnelc(0.94288089928893/sqrt(pi))) + 1.18541441938702 - 3.72496157743775*sqrt(pi)*(-0.994110842065688*fresnels(9.53357353725474/sqrt(pi)) - 0.1083680473546*fresnelc(9.53357353725474/sqrt(pi)))
-3.72496157743775*sqrt(pi)*(-0.1083680473546*fresnels(9.53357353725474/sqrt(pi)) + 0.994110842065688*fresnelc(9.53357353725474/sqrt(pi))) + 3.72496157743775*sqrt(pi)*(-0.1083680473546*fresnels(0.94288089928893/sqrt(pi)) + 0.994110842065688*fresnelc(0.94288089928893/sqrt(pi))),3.72496157743775*sqrt(pi)*(-0.994110842065688*fresnels(0.94288089928893/sqrt(pi)) - 0.1083680473546*fresnelc(0.94288089928893/sqrt(pi))) - 3.72496157743775*sqrt(pi)*(-0.994110842065688*fresnels(9.53357353725474/sqrt(pi)) - 0.1083680473546*fresnelc(9.53357353725474/sqrt(pi))),-3.72496157743775*sqrt(pi)*(-0.1083680473546*fresnels(9.53357353725474/sqrt(pi)) + 0.994110842065688*fresnelc(9.53357353725474/sqrt(pi))) + 0.272459460722673 + 3.72496157743775*sqrt(pi)*(-0.1083680473546*fresnels(0.94288089928893/sqrt(pi)) + 0.994110842065688*fresnelc(0.94288089928893/sqrt(pi))),3.72496157743775*sqrt(pi)*(-0.994110842065688*fresnels(0.94288089928893/sqrt(pi)) - 0.1083680473546*fresnelc(0.94288089928893/sqrt(pi))) + 0.980710902979463 - 3.72496157743775*sqrt(pi)*(-0.994110842065688*fresnels(9.53357353725474/sqrt(pi)) - 0.1083680473546*fresnelc(9.53357353725474/sqrt(pi)))
-3.72496157743775*sqrt(pi)*(-0.1083680473546*fresnels(9.53357353725474/sqrt(pi)) + 0.994110842065688*fresnelc(9.53357353725474/sqrt(pi))) + 3.72496157743775*sqrt(pi)*(-0.1083680473546*fresnels(0.94288089928893/sqrt(pi)) + 0.994110842065688*fresnelc(0.94288089928893/sqrt(pi))),3.72496157743775*sqrt(pi)*(-0.994110842065688*fresnels(0.94288089928893/sqrt(pi)) - 0.1083680473546*fresnelc(0.94288089928893/sqrt(pi))) - 3.72496157743775*sqrt(pi)*(-0.994110842065688*fresnels(9.53357353725474/sqrt(pi)) - 0.1083680473546*fresnelc(9.53357353725474/sqrt(pi))),-3.72496157743775*sqrt(pi)*(-0.1083680473546*fresnels(9.53357353725474/sqrt(pi)) + 0.994110842065688*fresnelc(9.53357353725474/sqrt(pi))) + 0.523739213258157 + 3.72496157743775*sqrt(pi)*(-0.1083680473546*fresnels(0.94288089928893/sqrt(pi)) + 0.994110842065688*fresnelc(0.94288089928893/sqrt(pi))),3.72496157743775*sqrt(pi)*(-0.994110842065688*fresnels(0.94288089928893/sqrt(pi)) - 0.1083680473546*fresnelc(0.94288089928893/sqrt(pi))) + 0.402686727237734 - 3.72496157743775*sqrt(pi)*(-0.994110842065688*fresnels(9.53357353725474/sqrt(pi)) - 0.1083680473546*fresnelc(9.53357353725474/sqrt(pi)))
-3.72496157743775*sqrt(pi)*(-0.1083680473546*fresnels(9.53357353725474/sqrt(pi)) + 0.994110842065688*fresnelc(9.53357353725474/sqrt(pi))) + 3.72496157743775*sqrt(pi)*(-0.1083680473546*fresnels(0.94288089928893/sqrt(pi)) + 0.994110842065688*fresnelc(0.94288089928893/sqrt(pi))),3.72496157743775*sqrt(pi)*(-0.994110842065688*fresnels(0.94288089928893/sqrt(pi)) - 0.1083680473546*fresnelc(0.94288089928893/sqrt(pi))) - 3.72496157743775*sqrt(pi)*(-0.994110842065688*fresnels(9.53357353725474/sqrt(pi)) - 0.1083680473546*fresnelc(9.53357353725474/sqrt(pi))),-3.72496157743775*sqrt(pi)*(-0.1083680473546*fresnels(9.53357353725474/sqrt(pi)) + 0.994110842065688*fresnelc(9.53357353725474/sqrt(pi))) + 0.283334753735319 + 3.72496157743775*sqrt(pi)*(-0.1083680473546*fresnels(0.94288089928893/sqrt(pi)) + 0.994110842065688*fresnelc(0.94288089928893/sqrt(pi))),3.72496157743775*sqrt(pi)*(-0.994110842065688*fresnels(0.94288089928893/sqrt(pi)) - 0.1083680473546*fresnelc(0.94288089928893/sqrt(pi))) + 0.00315208498026168 - 3.72496157743775*sqrt(pi)*(-0.994110842065688*fresnels(9.53357353725474/sqrt(pi)) - 0.1083680473546*fresnelc(9.53357353725474/sqrt(pi)))
4.84726056235371*sqrt(pi)*(-0.899919588063364*fresnelc(0.769859030491471/sqrt(pi)) - 0.436055885202648*fresnels(0.769859030491471/sqrt(pi))) - 4.84726056235371*sqrt(pi)*(-0.899919588063364*fresnelc(7.78413019719154/sqrt(pi)) - 0.436055885202648*fresnels(7.78413019719154/sqrt(pi))),-4.84726056235371*sqrt(pi)*(-0.436055885202648*fresnelc(7.78413019719154/sqrt(pi)) + 0.899919588063364*fresnels(7.78413019719154/sqrt(pi))) + 4.84726056235371*sqrt(pi)*(-0.436055885202648*fresnelc(0.769859030491471/sqrt(pi)) + 0.899919588063364*fresnels(0.769859030491471/sqrt(pi))),4.84726056235371*sqrt(pi)*(-0.899919588063364*fresnelc(0.769859030491471/sqrt(pi)) - 0.436055885202648*fresnels(0.769859030491471/sqrt(pi))) - 0.259941848344084 - 4.84726056235371*sqrt(pi)*(-0.899919588063364*fresnelc(7.78413019719154/sqrt(pi)) - 0.436055885202648*fresnels(7.78413019719154/sqrt(pi))),-4.84726056235371*sqrt(pi)*(-0.436055885202648*fresnelc(7.78413019719154/sqrt(pi)) + 0.899919588063364*fresnels(7.78413019719154/sqrt(pi))) + 4.84726056235371*sqrt(pi)*(-0.436055885202648*fresnelc(0.769859030491471/sqrt(pi)) + 0.899919588063364*fresnels(0.769859030491471/sqrt(pi))) + 0.112777452504647
4.84726056235371*sqrt(pi)*(-0.899919588063364*fresnelc(0.769859030491471/sqrt(pi)) - 0.436055885202648*fresnels(0.769859030491471/sqrt(pi))) - 4.84726056235371*sqrt(pi)*(-0.899919588063364*fresnelc(7.78413019719154/sqrt(pi)) - 0.436055885202648*fresnels(7.78413019719154/sqrt(pi))),-4.84726056235371*sqrt(pi)*(-0.436055885202648*fresnelc(7.78413019719154/sqrt(pi)) + 0.899919588063364*fresnels(7.78413019719154/sqrt(pi))) + 4.84726056235371*sqrt(pi)*(-0.436055885202648*fresnelc(0.769859030491471/sqrt(pi)) + 0.899919588063364*fresnels(0.769859030491471/sqrt(pi))),4.84726056235371*sqrt(pi)*(-0.899919588063364*fresnelc(0.769859030491471/sqrt(pi)) - 0.436055885202648*fresnels(0.769859030491471/sqrt(pi))) - 0.326602767179427 - 4.84726056235371*sqrt(pi)*(-0.899919588063364*fresnelc(7.78413019719154/sqrt(pi)) - 0.436055885202648*fresnels(7.78413019719154/sqrt(pi))),-4.84726056235371*sqrt(pi)*(-0.436055885202648*fresnelc(7.78413019719154/sqrt(pi)) + 0.899919588063364*fresnels(7.78413019719154/sqrt(pi))) + 4.84726056235371*sqrt(pi)*(-0.436055885202648*fresnelc(0.769859030491471/sqrt(pi)) + 0.899919588063364*fresnels(0.769859030491471/sqrt(pi))) + 0.574273450777982
4.84726056235371*sqrt(pi)*(-0.899919588063364*fresnelc(0.769859030491471/sqrt(pi)) - 0.436055885202648*fresnels(0.769859030491471/sqrt(pi))) - 4.84726056235371*sqrt(pi)*(-0.899919588063364*fresnelc(7.78413019719154/sqrt(pi)) - 0.436055885202648*fresnels(7.78413019719154/sqrt(pi))),-4.84726056235371*sqrt(pi)*(-0.436055885202648*fresnelc(7.78413019719154/sqrt(pi)) + 0.899919588063364*fresnels(7.78413019719154/sqrt(pi))) + 4.84726056235371*sqrt(pi)*(-0.436055885202648*fresnelc(0.769859030491471/sqrt(pi)) + 0.899919588063364*fresnels(0.769859030491471/sqrt(pi))),4.84726056235371*sqrt(pi)*(-0.899919588063364*fresnelc(0.769859030491471/sqrt(pi)) - 0.436055885202648*fresnels(0.769859030491471/sqrt(pi))) + 0.129161823951591 - 4.84726056235371*sqrt(pi)*(-0.899919588063364*fresnelc(7.78413019719154/sqrt(pi)) - 0.436055885202648*fresnels(7.78413019719154/sqrt(pi))),-4.84726056235371*sqrt(pi)*(-0.436055885202648*fresnelc(7.78413019719154/sqrt(pi)) + 0.899919588063364*fresnels(7.78413019719154/sqrt(pi))) + 4.84726056235371*sqrt(pi)*(-0.436055885202648*fresnelc(0.769859030491471/sqrt(pi)) + 0.899919588063364*fresnels(0.769859030491471/sqrt(pi))) + 1.00962629531604
4.84726056235371*sqrt(pi)*(-0.899919588063364*fresnelc(0.769859030491471/sqrt(pi)) - 0.436055885202648*fresnels(0.769859030491471/sqrt(pi))) - 4.84726056235371*sqrt(pi)*(-0.899919588063364*fresnelc(7.78413019719154/sqrt(pi)) - 0.436055885202648*fresnels(7.78413019719154/sqrt(pi))),-4.84726056235371*sqrt(pi)*(-0.436055885202648*fresnelc(7.78413019719154/sqrt(pi)) + 0.899919588063364*fresnels(7.78413019719154/sqrt(pi))) + 4.84726056235371*sqrt(pi)*(-0.436055885202648*fresnelc(0.769859030491471/sqrt(pi)) + 0.899919588063364*fresnels(0.769859030491471/sqrt(pi))),4.84726056235371*sqrt(pi)*(-0.899919588063364*fresnelc(0.769859030491471/sqrt(pi)) - 0.436055885202648*fresnels(0.769859030491471/sqrt(pi))) + 0.887711563279952 - 4.84726056235371*sqrt(pi)*(-0.899919588063364*fresnelc(7.78413019719154/sqrt(pi)) - 0.436055885202648*fresnels(7.78413019719154/sqrt(pi))),-4.84726056235371*sqrt(pi)*(-0.436055885202648*fresnelc(7.78413019719154/sqrt(pi)) + 0.899919588063364*fresnels(7.78413019719154/sqrt(pi))) + 4.84726056235371*sqrt(pi)*(-0.436055885202648*fresnelc(0.769859030491471/sqrt(pi)) + 0.899919588063364*fresnels(0.769859030491471/sqrt(pi))) + 0.912584777732555
4.84726056235371*sqrt(pi)*(-0.899919588063364*fresnelc(0.769859030491471/sqrt(pi)) - 0.436055885202648*fresnels(0.769859030491471/sqrt(pi))) - 4.84726056235371*sqrt(pi)*(-0.899919588063364*fresnelc(7.78413019719154/sqrt(pi)) - 0.436055885202648*fresnels(7.78413019719154/sqrt(pi))),-4.84726056235371*sqrt(pi)*(-0.436055885202648*fresnelc(7.78413019719154/sqrt(pi)) + 0.899919588063364*fresnels(7.78413019719154/sqrt(pi))) + 4.84726056235371*sqrt(pi)*(-0.436055885202648*fresnelc(0.769859030491471/sqrt(pi)) + 0.899919588063364*fresnels(0.769859030491471/sqrt(pi))),4.84726056235371*sqrt(pi)*(-0.899919588063364*fresnelc(0.769859030491471/sqrt(pi)) - 0.436055885202648*fresnels(0.769859030491471/sqrt(pi))) - 4.84726056235371*sqrt(pi)*(-0.899919588063364*fresnelc(7.78413019719154/sqrt(pi)) - 0.436055885202648*fresnels(7.78413019719154/sqrt(pi))) + 27.6648854746001,-4.84726056235371*sqrt(pi)*(-0.436055885202648*fresnelc(7.78413019719154/sqrt(pi)) + 0.899919588063364*fresnels(7.78413019719154/sqrt(pi))) + 4.84726056235371*sqrt(pi)*(-0.436055885202648*fresnelc(0.769859030491471/sqrt(pi)) + 0.899919588063364*fresnels(0.769859030491471/sqrt(pi))) + 4.31904059685235
4.56212758809761*sqrt(pi)*(-0.899919588063363*fresnelc(0.769859030491471/sqrt(pi)) - 0.436055885202651*fresnels(0.769859030491471/sqrt(pi))) - 4.56212758809761*sqrt(pi)*(-0.899919588063363*fresnelc(7.78413019719154/sqrt(pi)) - 0.436055885202651*fresnels(7.78413019719154/sqrt(pi))),-4.56212758809761*sqrt(pi)*(-0.436055885202651*fresnelc(7.78413019719154/sqrt(pi)) + 0.899919588063363*fresnels(7.78413019719154/sqrt(pi))) + 4.56212758809761*sqrt(pi)*(-0.436055885202651*fresnelc(0.769859030491471/sqrt(pi)) + 0.899919588063363*fresnels(0.769859030491471/sqrt(pi))),4.56212758809761*sqrt(pi)*(-0.899919588063363*fresnelc(0.769859030491471/sqrt(pi)) - 0.436055885202651*fresnels(0.769859030491471/sqrt(pi))) + 1.12363354864155 - 4.56212758809761*sqrt(pi)*(-0.899919588063363*fresnelc(7.78413019719154/sqrt(pi)) - 0.436055885202651*fresnels(7.78413019719154/sqrt(pi))),-4.56212758809761*sqrt(pi)*(-0.436055885202651*fresnelc(7.78413019719154/sqrt(pi)) + 0.899919588063363*fresnels(7.78413019719154/sqrt(pi))) + 4.56212758809761*sqrt(pi)*(-0.436055885202651*fresnelc(0.769859030491471/sqrt(pi)) + 0.899919588063363*fresnels(0.769859030491471/sqrt(pi))) - 0.598573675078784
4.56212758809761*sqrt(pi)*(-0.899919588063363*fresnelc(0.769859030491471/sqrt(pi)) - 0.436055885202651*fresnels(0.769859030491471/sqrt(pi))) - 4.56212758809761*sqrt(pi)*(-0.899919588063363*fresnelc(7.78413019719154/sqrt(pi)) - 0.436055885202651*fresnels(7.78413019719154/sqrt(pi))),-4.56212758809761*sqrt(pi)*(-0.436055885202651*fresnelc(7.78413019719154/sqrt(pi)) + 0.899919588063363*fresnels(7.78413019719154/sqrt(pi))) + 4.56212758809761*sqrt(pi)*(-0.436055885202651*fresnelc(0.769859030491471/sqrt(pi)) + 0.899919588063363*fresnels(0.769859030491471/sqrt(pi))),4.56212758809761*sqrt(pi)*(-0.899919588063363*fresnelc(0.769859030491471/sqrt(pi)) - 0.436055885202651*fresnels(0.769859030491471/sqrt(pi))) + 0.430760215862004 - 4.56212758809761*sqrt(pi)*(-0.899919588063363*fresnelc(7.78413019719154/sqrt(pi)) - 0.436055885202651*fresnels(7.78413019719154/sqrt(pi))),-4.56212758809761*sqrt(pi)*(-0.436055885202651*fresnelc(7.78413019719154/sqrt(pi)) + 0.899919588063363*fresnels(7.78413019719154/sqrt(pi))) + 4.56212758809761*sqrt(pi)*(-0.436055885202651*fresnelc(0.769859030491471/sqrt(pi)) + 0.899919588063363*fresnels(0.769859030491471/sqrt(pi))) - 0.922211293246078
4.56212758809761*sqrt(pi)*(-0.899919588063363*fresnelc(0.769859030491471/sqrt(pi)) - 0.436055885202651*fresnels(0.769859030491471/sqrt(pi))) - 4.56212758809761*sqrt(pi)*(-0.899919588063363*fresnelc(7.78413019719154/sqrt(pi)) - 0.436055885202651*fresnels(7.78413019719154/sqrt(pi))),-4.56212758809761*sqrt(pi)*(-0.436055885202651*fresnelc(7.78413019719154/sqrt(pi)) + 0.899919588063363*fresnels(7.78413019719154/sqrt(pi))) + 4.56212758809761*sqrt(pi)*(-0.436055885202651*fresnelc(0.769859030491471/sqrt(pi)) + 0.899919588063363*fresnels(0.769859030491471/sqrt(pi))),4.56212758809761*sqrt(pi)*(-0.899919588063363*fresnelc(0.769859030491471/sqrt(pi)) - 0.436055885202651*fresnels(0.769859030491471/sqrt(pi))) - 0.136016067687046 - 4.56212758809761*sqrt(pi)*(-0.899919588063363*fresnelc(7.78413019719154/sqrt(pi)) - 0.436055885202651*fresnels(7.78413019719154/sqrt(pi))),-4.56212758809761*sqrt(pi)*(-0.436055885202651*fresnelc(7.78413019719154/sqrt(pi)) + 0.899919588063363*fresnels(7.78413019719154/sqrt(pi))) + 4.56212758809761*sqrt(pi)*(-0.436055885202651*fresnelc(0.769859030491471/sqrt(pi)) + 0.899919588063363*fresnels(0.769859030491471/sqrt(pi))) - 0.646497481146418
4.56212758809761*sqrt(pi)*(-0.899919588063363*fresnelc(0.769859030491471/sqrt(pi)) - 0.436055885202651*fresnels(0.769859030491471/sqrt(pi))) - 4.56212758809761*sqrt(pi)*(-0.899919588063363*fresnelc(7.78413019719154/sqrt(pi)) - 0.436055885202651*fresnels(7.78413019719154/sqrt(pi))),-4.56212758809761*sqrt(pi)*(-0.436055885202651*fresnelc(7.78413019719154/sqrt(pi)) + 0.899919588063363*fresnels(7.78413019719154/sqrt(pi))) + 4.56212758809761*sqrt(pi)*(-0.436055885202651*fresnelc(0.769859030491471/sqrt(pi)) + 0.899919588063363*fresnels(0.769859030491471/sqrt(pi))),4.56212758809761*sqrt(pi)*(-0.899919588063363*fresnelc(0.769859030491471/sqrt(pi)) - 0.436055885202651*fresnels(0.769859030491471/sqrt(pi))) - 0.213196225171747 - 4.56212758809761*sqrt(pi)*(-0.899919588063363*fresnelc(7.78413019719154/sqrt(pi)) - 0.436055885202651*fresnels(7.78413019719154/sqrt(pi))),-4.56212758809761*sqrt(pi)*(-0.436055885202651*fresnelc(7.78413019719154/sqrt(pi)) + 0.899919588063363*fresnels(7.78413019719154/sqrt(pi))) + 4.56212758809761*sqrt(pi)*(-0.436055885202651*fresnelc(0.769859030491471/sqrt(pi)) + 0.899919588063363*fresnels(0.769859030491471/sqrt(pi))) - 0.186643745907798
-6.85506162763685*sqrt(pi)*(0.531010411761084*fresnelc(5.50421124807312/sqrt(pi)) + 0.847365294664187*fresnels(5.50421124807312/sqrt(pi))) + 6.85506162763685*sqrt(pi)*(0.847365294664187*fresnels(0.54437254101822/sqrt(pi)) + 0.531010411761084*fresnelc(0.54437254101822/sqrt(pi))),-6.85506162763685*sqrt(pi)*(-0.531010411761084*fresnels(5.50421124807312/sqrt(pi)) + 0.847365294664187*fresnelc(5.50421124807312/sqrt(pi))) + 6.85506162763685*sqrt(pi)*(-0.531010411761084*fresnels(0.54437254101822/sqrt(pi)) + 0.847365294664187*fresnelc(0.54437254101822/sqrt(pi))),-6.85506162763685*sqrt(pi)*(0.531010411761084*fresnelc(5.50421124807312/sqrt(pi)) + 0.847365294664187*fresnels(5.50421124807312/sqrt(pi))) + 0.27081248624085 + 6.85506162763685*sqrt(pi)*(0.847365294664187*fresnels(0.54437254101822/sqrt(pi)) + 0.531010411761084*fresnelc(0.54437254101822/sqrt(pi))),-6.85506162763685*sqrt(pi)*(-0.531010411761084*fresnels(5.50421124807312/sqrt(pi)) + 0.847365294664187*fresnelc(5.50421124807312/sqrt(pi))) + 0.0833613556153335 + 6.85506162763685*sqrt(pi)*(-0.531010411761084*fresnels(0.54437254101822/sqrt(pi)) + 0.847365294664187*fresnelc(0.54437254101822/sqrt(pi)))
-6.85506162763685*sqrt(pi)*(0.531010411761084*fresnelc(5.50421124807312/sqrt(pi)) + 0.847365294664187*fresnels(5.50421124807312/sqrt(pi))) + 6.85506162763685*sqrt(pi)*(0.847365294664187*fresnels(0.54437254101822/sqrt(pi)) + 0.531010411761084*fresnelc(0.54437254101822/sqrt(pi))),-6.85506162763685*sqrt(pi)*(-0.531010411761084*fresnels(5.50421124807312/sqrt(pi)) + 0.847365294664187*fresnelc(5.50421124807312/sqrt(pi))) + 6.85506162763685*sqrt(pi)*(-0.531010411761084*fresnels(0.54437254101822/sqrt(pi)) + 0.847365294664187*fresnelc(0.54437254101822/sqrt(pi))),-6.85506162763685*sqrt(pi)*(0.531010411761084*fresnelc(5.50421124807312/sqrt(pi)) + 0.847365294664187*fresnels(5.50421124807312/sqrt(pi))) + 0.621559216498443 + 6.85506162763685*sqrt(pi)*(0.847365294664187*fresnels(0.54437254101822/sqrt(pi)) + 0.531010411761084*fresnelc(0.54437254101822/sqrt(pi))),-6.85506162763685*sqrt(pi)*(-0.531010411761084*fresnels(5.50421124807312/sqrt(pi)) + 0.847365294664187*fresnelc(5.50421124807312/sqrt(pi))) - 0.22388279117331 + 6.85506162763685*sqrt(pi)*(-0.531010411761084*fresnels(0.54437254101822/sqrt(pi)) + 0.847365294664187*fresnelc(0.54437254101822/sqrt(pi)))
-6.85506162763685*sqrt(pi)*(0.531010411761084*fresnelc(5.50421124807312/sqrt(pi)) + 0.847365294664187*fresnels(5.50421124807312/sqrt(pi))) + 6.85506162763685*sqrt(pi)*(0.847365294664187*fresnels(0.54437254101822/sqrt(pi)) + 0.531010411761084*fresnelc(0.54437254101822/sqrt(pi))),-6.85506162763685*sqrt(pi)*(-0.531010411761084*fresnels(5.50421124807312/sqrt(pi)) + 0.847365294664187*fresnelc(5.50421124807312/sqrt(pi))) + 6.85506162763685*sqrt(pi)*(-0.531010411761084*fresnels(0.54437254101822/sqrt(pi)) + 0.847365294664187*fresnelc(0.54437254101822/sqrt(pi))),-6.85506162763685*sqrt(pi)*(0.531010411761084*fresnelc(5.50421124807312/sqrt(pi)) + 0.847365294664187*fresnels(5.50421124807312/sqrt(pi))) + 0.558425026488073 + 6.85506162763685*sqrt(pi)*(0.847365294664187*fresnels(0.54437254101822/sqrt(pi)) + 0.531010411761084*fresnelc(0.54437254101822/sqrt(pi))),-6.85506162763685*sqrt(pi)*(-0.531010411761084*fresnels(5.50421124807312/sqrt(pi)) + 0.847365294664187*fresnelc(5.50421124807312/sqrt(pi))) - 0.850993256584257 + 6.85506162763685*sqrt(pi)*(-0.531010411761084*fresnels(0.54437254101822/sqrt(pi)) + 0.847365294664187*fresnelc(0.54437254101822/sqrt(pi)))
-6.85506162763685*sqrt(pi)*(0.531010411761084*fresnelc(5.50421124807312/sqrt(pi)) + 0.847365294664187*fresnels(5.50421124807312/sqrt(pi))) + 6.85506162763685*sqrt(pi)*(0.847365294664187*fresnels(0.54437254101822/sqrt(pi)) + 0.531010411761084*fresnelc(0.54437254101822/sqrt(pi))),-6.85506162763685*sqrt(pi)*(-0.531010411761084*fresnels(5.50421124807312/sqrt(pi)) + 0.847365294664187*fresnelc(5.50421124807312/sqrt(pi))) + 6.85506162763685*sqrt(pi)*(-0.531010411761084*fresnels(0.54437254101822/sqrt(pi)) + 0.847365294664187*fresnelc(0.54437254101822/sqrt(pi))),-6.85506162763685*sqrt(pi)*(0.531010411761084*fresnelc(5.50421124807312/sqrt(pi)) + 0.847365294664187*fresnels(5.50421124807312/sqrt(pi))) - 0.0809409606568222 + 6.85506162763685*sqrt(pi)*(0.847365294664187*fresnels(0.54437254101822/sqrt(pi)) + 0.531010411761084*fresnelc(0.54437254101822/sqrt(pi))),-6.85506162763685*sqrt(pi)*(-0.531010411761084*fresnels(5.50421124807312/sqrt(pi)) + 0.847365294664187*fresnelc(5.50421124807312/sqrt(pi))) - 1.27054766027019 + 6.85506162763685*sqrt(pi)*(-0.531010411761084*fresnels(0.54437254101822/sqrt(pi)) + 0.847365294664187*fresnelc(0.54437254101822/sqrt(pi)))
-6.85506162763685*sqrt(pi)*(0.531010411761084*fresnelc(5.50421124807312/sqrt(pi)) + 0.847365294664187*fresnels(5.50421124807312/sqrt(pi))) + 6.85506162763685*sqrt(pi)*(0.847365294664187*fresnels(0.54437254101822/sqrt(pi)) + 0.531010411761084*fresnelc(0.54437254101822/sqrt(pi))),-6.85506162763685*sqrt(pi)*(-0.531010411761084*fresnels(5.50421124807312/sqrt(pi)) + 0.847365294664187*fresnelc(5.50421124807312/sqrt(pi))) + 6.85506162763685*sqrt(pi)*(-0.531010411761084*fresnels(0.54437254101822/sqrt(pi)) + 0.847365294664187*fresnelc(0.54437254101822/sqrt(pi))),-18.2080595243993 - 6.85506162763685*sqrt(pi)*(0.531010411761084*fresnelc(5.50421124807312/sqrt(pi)) + 0.847365294664187*fresnels(5.50421124807312/sqrt(pi))) + 6.85506162763685*sqrt(pi)*(0.847365294664187*fresnels(0.54437254101822/sqrt(pi)) + 0.531010411761084*fresnelc(0.54437254101822/sqrt(pi))),-21.271261560047 - 6.85506162763685*sqrt(pi)*(-0.531010411761084*fresnels(5.50421124807312/sqrt(pi)) + 0.847365294664187*fresnelc(5.50421124807312/sqrt(pi))) + 6.85506162763685*sqrt(pi)*(-0.531010411761084*fresnels(0.54437254101822/sqrt(pi)) + 0.847365294664187*fresnelc(0.54437254101822/sqrt(pi)))
-6.45182270836409*sqrt(pi)*(0.531010411761083*fresnelc(5.50421124807312/sqrt(pi)) + 0.847365294664188*fresnels(5.50421124807312/sqrt(pi))) + 6.45182270836409*sqrt(pi)*(0.847365294664188*fresnels(0.54437254101822/sqrt(pi)) + 0.531010411761083*fresnelc(0.54437254101822/sqrt(pi))),-6.45182270836409*sqrt(pi)*(-0.531010411761083*fresnels(5.50421124807312/sqrt(pi)) + 0.847365294664188*fresnelc(5.50421124807312/sqrt(pi))) + 6.45182270836409*sqrt(pi)*(-0.531010411761083*fresnels(0.54437254101822/sqrt(pi)) + 0.847365294664188*fresnelc(0.54437254101822/sqrt(pi))),-6.45182270836409*sqrt(pi)*(0.531010411761083*fresnelc(5.50421124807312/sqrt(pi)) + 0.847365294664188*fresnels(5.50421124807312/sqrt(pi))) - 1.24285600772754 + 6.45182270836409*sqrt(pi)*(0.847365294664188*fresnels(0.54437254101822/sqrt(pi)) + 0.531010411761083*fresnelc(0.54437254101822/sqrt(pi))),-6.45182270836409*sqrt(pi)*(-0.531010411761083*fresnels(5.50421124807312/sqrt(pi)) + 0.847365294664188*fresnelc(5.50421124807312/sqrt(pi))) - 0.275956047561352 + 6.45182270836409*sqrt(pi)*(-0.531010411761083*fresnels(0.54437254101822/sqrt(pi)) + 0.847365294664188*fresnelc(0.54437254101822/sqrt(pi)))
-6.45182270836409*sqrt(pi)*(0.531010411761083*fresnelc(5.50421124807312/sqrt(pi)) + 0.847365294664188*fresnels(5.50421124807312/sqrt(pi))) + 6.45182270836409*sqrt(pi)*(0.847365294664188*fresnels(0.54437254101822/sqrt(pi)) + 0.531010411761083*fresnelc(0.54437254101822/sqrt(pi))),-6.45182270836409*sqrt(pi)*(-0.531010411761083*fresnels(5.50421124807312/sqrt(pi)) + 0.847365294664188*fresnelc(5.50421124807312/sqrt(pi))) + 6.45182270836409*sqrt(pi)*(-0.531010411761083*fresnels(0.54437254101822/sqrt(pi)) + 0.847365294664188*fresnelc(0.54437254101822/sqrt(pi))),-6.45182270836409*sqrt(pi)*(0.531010411761083*fresnelc(5.50421124807312/sqrt(pi)) + 0.847365294664188*fresnels(5.50421124807312/sqrt(pi))) - 0.926946119384315 + 6.45182270836409*sqrt(pi)*(0.847365294664188*fresnels(0.54437254101822/sqrt(pi)) + 0.531010411761083*fresnelc(0.54437254101822/sqrt(pi))),-6.45182270836409*sqrt(pi)*(-0.531010411761083*fresnels(5.50421124807312/sqrt(pi)) + 0.847365294664188*fresnelc(5.50421124807312/sqrt(pi))) + 0.420474642182432 + 6.45182270836409*sqrt(pi)*(-0.531010411761083*fresnels(0.54437254101822/sqrt(pi)) + 0.847365294664188*fresnelc(0.54437254101822/sqrt(pi)))
-6.45182270836409*sqrt(pi)*(0.531010411761083*fresnelc(5.50421124807312/sqrt(pi)) + 0.847365294664188*fresnels(5.50421124807312/sqrt(pi))) + 6.45182270836409*sqrt(pi)*(0.847365294664188*fresnels(0.54437254101822/sqrt(pi)) + 0.531010411761083*fresnelc(0.54437254101822/sqrt(pi))),-6.45182270836409*sqrt(pi)*(-0.531010411761083*fresnels(5.50421124807312/sqrt(pi)) + 0.847365294664188*fresnelc(5.50421124807312/sqrt(pi))) + 6.45182270836409*sqrt(pi)*(-0.531010411761083*fresnels(0.54437254101822/sqrt(pi)) + 0.847365294664188*fresnelc(0.54437254101822/sqrt(pi))),-6.45182270836409*sqrt(pi)*(0.531010411761083*fresnelc(5.50421124807312/sqrt(pi)) + 0.847365294664188*fresnels(5.50421124807312/sqrt(pi))) - 0.317079688105285 + 6.45182270836409*sqrt(pi)*(0.847365294664188*fresnels(0.54437254101822/sqrt(pi)) + 0.531010411761083*fresnelc(0.54437254101822/sqrt(pi))),-6.45182270836409*sqrt(pi)*(-0.531010411761083*fresnels(5.50421124807312/sqrt(pi)) + 0.847365294664188*fresnelc(5.50421124807312/sqrt(pi))) + 0.579585917003481 + 6.45182270836409*sqrt(pi)*(-0.531010411761083*fresnels(0.54437254101822/sqrt(pi)) + 0.847365294664188*fresnelc(0.54437254101822/sqrt(pi)))
-6.45182270836409*sqrt(pi)*(0.531010411761083*fresnelc(5.50421124807312/sqrt(pi)) + 0.847365294664188*fresnels(5.50421124807312/sqrt(pi))) + 6.45182270836409*sqrt(pi)*(0.847365294664188*fresnels(0.54437254101822/sqrt(pi)) + 0.531010411761083*fresnelc(0.54437254101822/sqrt(pi))),-6.45182270836409*sqrt(pi)*(-0.531010411761083*fresnels(5.50421124807312/sqrt(pi)) + 0.847365294664188*fresnelc(5.50421124807312/sqrt(pi))) + 6.45182270836409*sqrt(pi)*(-0.531010411761083*fresnels(0.54437254101822/sqrt(pi)) + 0.847365294664188*fresnelc(0.54437254101822/sqrt(pi))),-6.45182270836409*sqrt(pi)*(0.531010411761083*fresnelc(5.50421124807312/sqrt(pi)) + 0.847365294664188*fresnels(5.50421124807312/sqrt(pi))) + 0.040590436924888 + 6.45182270836409*sqrt(pi)*(0.847365294664188*fresnels(0.54437254101822/sqrt(pi)) + 0.531010411761083*fresnelc(0.54437254101822/sqrt(pi))),-6.45182270836409*sqrt(pi)*(-0.531010411761083*fresnels(5.50421124807312/sqrt(pi)) + 0.847365294664188*fresnelc(5.50421124807312/sqrt(pi))) + 0.280429910573433 + 6.45182270836409*sqrt(pi)*(-0.531010411761083*fresnels(0.54437254101822/sqrt(pi)) + 0.847365294664188*fresnelc(0.54437254101822/sqrt(pi)))
0,34,-0.151524096552755,33.7605653189744
0,34,-0.617779280620305,33.7658886499249
0,34,-0.977619309673304,34.2833522865868
0,34,-0.764731824347613,35.0178546227041
0,34,0,62
0,34,0.764731824347613,35.0178546227041
0,34,0.977619309673304,34.2833522865868
0,34,0.617779280620305,33.7658886499249
0,34,0.151524096552755,33.7605653189744
-6.45182270836409*sqrt(pi)*(0.847365294664188*fresnels(0.54437254101822/sqrt(pi)) + 0.531010411761083*fresnelc(0.54437254101822/sqrt(pi))) + 6.45182270836409*sqrt(pi)*(0.531010411761083*fresnelc(5.50421124807312/sqrt(pi)) + 0.847365294664188*fresnels(5.50421124807312/sqrt(pi))),-6.45182270836409*sqrt(pi)*(-0.531010411761083*fresnels(5.50421124807312/sqrt(pi)) + 0.847365294664188*fresnelc(5.50421124807312/sqrt(pi))) + 6.45182270836409*sqrt(pi)*(-0.531010411761083*fresnels(0.54437254101822/sqrt(pi)) + 0.847365294664188*fresnelc(0.54437254101822/sqrt(pi))),-6.45182270836409*sqrt(pi)*(0.847365294664188*fresnels(0.54437254101822/sqrt(pi)) + 0.531010411761083*fresnelc(0.54437254101822/sqrt(pi))) - 0.040590436924888 + 6.45182270836409*sqrt(pi)*(0.531010411761083*fresnelc(5.50421124807312/sqrt(pi)) + 0.847365294664188*fresnels(5.50421124807312/sqrt(pi))),-6.45182270836409*sqrt(pi)*(-0.531010411761083*fresnels(5.50421124807312/sqrt(pi)) + 0.847365294664188*fresnelc(5.50421124807312/sqrt(pi))) + 0.280429910573433 + 6.45182270836409*sqrt(pi)*(-0.531010411761083*fresnels(0.54437254101822/sqrt(pi)) + 0.847365294664188*fresnelc(0.54437254101822/sqrt(pi)))
-6.45182270836409*sqrt(pi)*(0.847365294664188*fresnels(0.54437254101822/sqrt(pi)) + 0.531010411761083*fresnelc(0.54437254101822/sqrt(pi))) + 6.45182270836409*sqrt(pi)*(0.531010411761083*fresnelc(5.50421124807312/sqrt(pi)) + 0.847365294664188*fresnels(5.50421124807312/sqrt(pi))),-6.45182270836409*sqrt(pi)*(-0.531010411761083*fresnels(5.50421124807312/sqrt(pi)) + 0.847365294664188*fresnelc(5.50421124807312/sqrt(pi))) + 6.45182270836409*sqrt(pi)*(-0.531010411761083*fresnels(0.54437254101822/sqrt(pi)) + 0.847365294664188*fresnelc(0.54437254101822/sqrt(pi))),-6.45182270836409*sqrt(pi)*(0.847365294664188*fresnels(0.54437254101822/sqrt(pi)) + 0.531010411761083*fresnelc(0.54437254101822/sqrt(pi))) + 0.317079688105285 + 6.45182270836409*sqrt(pi)*(0.531010411761083*fresnelc(5.50421124807312/sqrt(pi)) + 0.847365294664188*fresnels(5.50421124807312/sqrt(pi))),-6.45182270836409*sqrt(pi)*(-0.531010411761083*fresnels(5.50421124807312/sqrt(pi)) + 0.847365294664188*fresnelc(5.50421124807312/sqrt(pi))) + 0.579585917003481 + 6.45182270836409*sqrt(pi)*(-0.531010411761083*fresnels(0.54437254101822/sqrt(pi)) + 0.847365294664188*fresnelc(0.54437254101822/sqrt(pi)))
-6.45182270836409*sqrt(pi)*(0.847365294664188*fresnels(0.54437254101822/sqrt(pi)) + 0.531010411761083*fresnelc(0.54437254101822/sqrt(pi))) + 6.45182270836409*sqrt(pi)*(0.531010411761083*fresnelc(5.50421124807312/sqrt(pi)) + 0.847365294664188*fresnels(5.50421124807312/sqrt(pi))),-6.45182270836409*sqrt(pi)*(-0.531010411761083*fresnels(5.50421124807312/sqrt(pi)) + 0.847365294664188*fresnelc(5.50421124807312/sqrt(pi))) + 6.45182270836409*sqrt(pi)*(-0.531010411761083*fresnels(0.54437254101822/sqrt(pi)) + 0.847365294664188*fresnelc(0.54437254101822/sqrt(pi))),-6.45182270836409*sqrt(pi)*(0.847365294664188*fresnels(0.54437254101822/sqrt(pi)) + 0.531010411761083*fresnelc(0.54437254101822/sqrt(pi))) + 0.926946119384315 + 6.45182270836409*sqrt(pi)*(0.531010411761083*fresnelc(5.50421124807312/sqrt(pi)) + 0.847365294664188*fresnels(5.50421124807312/sqrt(pi))),-6.45182270836409*sqrt(pi)*(-0.531010411761083*fresnels(5.50421124807312/sqrt(pi)) + 0.847365294664188*fresnelc(5.50421124807312/sqrt(pi))) + 0.420474642182432 + 6.45182270836409*sqrt(pi)*(-0.531010411761083*fresnels(0.54437254101822/sqrt(pi)) + 0.847365294664188*fresnelc(0.54437254101822/sqrt(pi)))
-6.45182270836409*sqrt(pi)*(0.847365294664188*fresnels(0.54437254101822/sqrt(pi)) + 0.531010411761083*fresnelc(0.54437254101822/sqrt(pi))) + 6.45182270836409*sqrt(pi)*(0.531010411761083*fresnelc(5.50421124807312/sqrt(pi)) + 0.847365294664188*fresnels(5.50421124807312/sqrt(pi))),-6.45182270836409*sqrt(pi)*(-0.531010411761083*fresnels(5.50421124807312/sqrt(pi)) + 0.847365294664188*fresnelc(5.50421124807312/sqrt(pi))) + 6.45182270836409*sqrt(pi)*(-0.531010411761083*fresnels(0.54437254101822/sqrt(pi)) + 0.847365294664188*fresnelc(0.54437254101822/sqrt(pi))),-6.45182270836409*sqrt(pi)*(0.847365294664188*fresnels(0.54437254101822/sqrt(pi)) + 0.531010411761083*fresnelc(0.54437254101822/sqrt(pi))) + 1.24285600772754 + 6.45182270836409*sqrt(pi)*(0.531010411761083*fresnelc(5.50421124807312/sqrt(pi)) + 0.847365294664188*fresnels(5.50421124807312/sqrt(pi))),-6.45182270836409*sqrt(pi)*(-0.531010411761083*fresnels(5.50421124807312/sqrt(pi)) + 0.847365294664188*fresnelc(5.50421124807312/sqrt(pi))) - 0.275956047561352 + 6.45182270836409*sqrt(pi)*(-0.531010411761083*fresnels(0.54437254101822/sqrt(pi)) + 0.847365294664188*fresnelc(0.54437254101822/sqrt(pi)))
-6.85506162763685*sqrt(pi)*(0.847365294664187*fresnels(0.54437254101822/sqrt(pi)) + 0.531010411761084*fresnelc(0.54437254101822/sqrt(pi))) + 6.85506162763685*sqrt(pi)*(0.531010411761084*fresnelc(5.50421124807312/sqrt(pi)) + 0.847365294664187*fresnels(5.50421124807312/sqrt(pi))),-6.85506162763685*sqrt(pi)*(-0.531010411761084*fresnels(5.50421124807312/sqrt(pi)) + 0.847365294664187*fresnelc(5.50421124807312/sqrt(pi))) + 6.85506162763685*sqrt(pi)*(-0.531010411761084*fresnels(0.54437254101822/sqrt(pi)) + 0.847365294664187*fresnelc(0.54437254101822/sqrt(pi))),-6.85506162763685*sqrt(pi)*(0.847365294664187*fresnels(0.54437254101822/sqrt(pi)) + 0.531010411761084*fresnelc(0.54437254101822/sqrt(pi))) + 6.85506162763685*sqrt(pi)*(0.531010411761084*fresnelc(5.50421124807312/sqrt(pi)) + 0.847365294664187*fresnels(5.50421124807312/sqrt(pi))) + 18.2080595243993,-21.271261560047 - 6.85506162763685*sqrt(pi)*(-0.531010411761084*fresnels(5.50421124807312/sqrt(pi)) + 0.847365294664187*fresnelc(5.50421124807312/sqrt(pi))) + 6.85506162763685*sqrt(pi)*(-0.531010411761084*fresnels(0.54437254101822/sqrt(pi)) + 0.847365294664187*fresnelc(0.54437254101822/sqrt(pi)))
-6.85506162763685*sqrt(pi)*(0.847365294664187*fresnels(0.54437254101822/sqrt(pi)) + 0.531010411761084*fresnelc(0.54437254101822/sqrt(pi))) + 6.85506162763685*sqrt(pi)*(0.531010411761084*fresnelc(5.50421124807312/sqrt(pi)) + 0.847365294664187*fresnels(5.50421124807312/sqrt(pi))),-6.85506162763685*sqrt(pi)*(-0.531010411761084*fresnels(5.50421124807312/sqrt(pi)) + 0.847365294664187*fresnelc(5.50421124807312/sqrt(pi))) + 6.85506162763685*sqrt(pi)*(-0.531010411761084*fresnels(0.54437254101822/sqrt(pi)) + 0.847365294664187*fresnelc(0.54437254101822/sqrt(pi))),-6.85506162763685*sqrt(pi)*(0.847365294664187*fresnels(0.54437254101822/sqrt(pi)) + 0.531010411761084*fresnelc(0.54437254101822/sqrt(pi))) + 0.0809409606568222 + 6.85506162763685*sqrt(pi)*(0.531010411761084*fresnelc(5.50421124807312/sqrt(pi)) + 0.847365294664187*fresnels(5.50421124807312/sqrt(pi))),-6.85506162763685*sqrt(pi)*(-0.531010411761084*fresnels(5.50421124807312/sqrt(pi)) + 0.847365294664187*fresnelc(5.50421124807312/sqrt(pi))) - 1.27054766027019 + 6.85506162763685*sqrt(pi)*(-0.531010411761084*fresnels(0.54437254101822/sqrt(pi)) + 0.847365294664187*fresnelc(0.54437254101822/sqrt(pi)))
-6.85506162763685*sqrt(pi)*(0.847365294664187*fresnels(0.54437254101822/sqrt(pi)) + 0.531010411761084*fresnelc(0.54437254101822/sqrt(pi))) + 6.85506162763685*sqrt(pi)*(0.531010411761084*fresnelc(5.50421124807312/sqrt(pi)) + 0.847365294664187*fresnels(5.50421124807312/sqrt(pi))),-6.85506162763685*sqrt(pi)*(-0.531010411761084*fresnels(5.50421124807312/sqrt(pi)) + 0.847365294664187*fresnelc(5.50421124807312/sqrt(pi))) + 6.85506162763685*sqrt(pi)*(-0.531010411761084*fresnels(0.54437254101822/sqrt(pi)) + 0.847365294664187*fresnelc(0.54437254101822/sqrt(pi))),-6.85506162763685*sqrt(pi)*(0.847365294664187*fresnels(0.54437254101822/sqrt(pi)) + 0.531010411761084*fresnelc(0.54437254101822/sqrt(pi))) - 0.558425026488073 + 6.85506162763685*sqrt(pi)*(0.531010411761084*fresnelc(5.50421124807312/sqrt(pi)) + 0.847365294664187*fresnels(5.50421124807312/sqrt(pi))),-6.85506162763685*sqrt(pi)*(-0.531010411761084*fresnels(5.50421124807312/sqrt(pi)) + 0.847365294664187*fresnelc(5.50421124807312/sqrt(pi))) - 0.850993256584257 + 6.85506162763685*sqrt(pi)*(-0.531010411761084*fresnels(0.54437254101822/sqrt(pi)) + 0.847365294664187*fresnelc(0.54437254101822/sqrt(pi)))
-6.85506162763685*sqrt(pi)*(0.847365294664187*fresnels(0.54437254101822/sqrt(pi)) + 0.531010411761084*fresnelc(0.54437254101822/sqrt(pi))) + 6.85506162763685*sqrt(pi)*(0.531010411761084*fresnelc(5.50421124807312/sqrt(pi)) + 0.847365294664187*fresnels(5.50421124807312/sqrt(pi))),-6.85506162763685*sqrt(pi)*(-0.531010411761084*fresnels(5.50421124807312/sqrt(pi)) + 0.847365294664187*fresnelc(5.50421124807312/sqrt(pi))) + 6.85506162763685*sqrt(pi)*(-0.531010411761084*fresnels(0.54437254101822/sqrt(pi)) + 0.847365294664187*fresnelc(0.54437254101822/sqrt(pi))),-6.85506162763685*sqrt(pi)*(0.847365294664187*fresnels(0.54437254101822/sqrt(pi)) + 0.531010411761084*fresnelc(0.54437254101822/sqrt(pi))) - 0.621559216498443 + 6.85506162763685*sqrt(pi)*(0.531010411761084*fresnelc(5.50421124807312/sqrt(pi)) + 0.847365294664187*fresnels(5.50421124807312/sqrt(pi))),-6.85506162763685*sqrt(pi)*(-0.531010411761084*fresnels(5.50421124807312/sqrt(pi)) + 0.847365294664187*fresnelc(5.50421124807312/sqrt(pi))) - 0.22388279117331 + 6.85506162763685*sqrt(pi)*(-0.531010411761084*fresnels(0.54437254101822/sqrt(pi)) + 0.847365294664187*fresnelc(0.54437254101822/sqrt(pi)))
-6.85506162763685*sqrt(pi)*(0.847365294664187*fresnels(0.54437254101822/sqrt(pi)) + 0.531010411761084*fresnelc(0.54437254101822/sqrt(pi))) + 6.85506162763685*sqrt(pi)*(0.531010411761084*fresnelc(5.50421124807312/sqrt(pi)) + 0.847365294664187*fresnels(5.50421124807312/sqrt(pi))),-6.85506162763685*sqrt(pi)*(-0.531010411761084*fresnels(5.50421124807312/sqrt(pi)) + 0.847365294664187*fresnelc(5.50421124807312/sqrt(pi))) + 6.85506162763685*sqrt(pi)*(-0.531010411761084*fresnels(0.54437254101822/sqrt(pi)) + 0.847365294664187*fresnelc(0.54437254101822/sqrt(pi))),-6.85506162763685*sqrt(pi)*(0.847365294664187*fresnels(0.54437254101822/sqrt(pi)) + 0.531010411761084*fresnelc(0.54437254101822/sqrt(pi))) - 0.27081248624085 + 6.85506162763685*sqrt(pi)*(0.531010411761084*fresnelc(5.50421124807312/sqrt(pi)) + 0.847365294664187*fresnels(5.50421124807312/sqrt(pi))),-6.85506162763685*sqrt(pi)*(-0.531010411761084*fresnels(5.50421124807312/sqrt(pi)) + 0.847365294664187*fresnelc(5.50421124807312/sqrt(pi))) + 0.0833613556153335 + 6.85506162763685*sqrt(pi)*(-0.531010411761084*fresnels(0.54437254101822/sqrt(pi)) + 0.847365294664187*fresnelc(0.54437254101822/sqrt(pi)))
4.56212758809761*sqrt(pi)*(-0.899919588063363*fresnelc(7.78413019719154/sqrt(pi)) - 0.436055885202651*fresnels(7.78413019719154/sqrt(pi))) - 4.56212758809761*sqrt(pi)*(-0.899919588063363*fresnelc(0.769859030491471/sqrt(pi)) - 0.436055885202651*fresnels(0.769859030491471/sqrt(pi))),-4.56212758809761*sqrt(pi)*(-0.436055885202651*fresnelc(7.78413019719154/sqrt(pi)) + 0.899919588063363*fresnels(7.78413019719154/sqrt(pi))) + 4.56212758809761*sqrt(pi)*(-0.436055885202651*fresnelc(0.769859030491471/sqrt(pi)) + 0.899919588063363*fresnels(0.769859030491471/sqrt(pi))),4.56212758809761*sqrt(pi)*(-0.899919588063363*fresnelc(7.78413019719154/sqrt(pi)) - 0.436055885202651*fresnels(7.78413019719154/sqrt(pi))) + 0.213196225171747 - 4.56212758809761*sqrt(pi)*(-0.899919588063363*fresnelc(0.769859030491471/sqrt(pi)) - 0.436055885202651*fresnels(0.769859030491471/sqrt(pi))),-4.56212758809761*sqrt(pi)*(-0.436055885202651*fresnelc(7.78413019719154/sqrt(pi)) + 0.899919588063363*fresnels(7.78413019719154/sqrt(pi))) + 4.56212758809761*sqrt(pi)*(-0.436055885202651*fresnelc(0.769859030491471/sqrt(pi)) + 0.899919588063363*fresnels(0.769859030491471/sqrt(pi))) - 0.186643745907798
4.56212758809761*sqrt(pi)*(-0.899919588063363*fresnelc(7.78413019719154/sqrt(pi)) - 0.436055885202651*fresnels(7.78413019719154/sqrt(pi))) - 4.56212758809761*sqrt(pi)*(-0.899919588063363*fresnelc(0.769859030491471/sqrt(pi)) - 0.436055885202651*fresnels(0.769859030491471/sqrt(pi))),-4.56212758809761*sqrt(pi)*(-0.436055885202651*fresnelc(7.78413019719154/sqrt(pi)) + 0.899919588063363*fresnels(7.78413019719154/sqrt(pi))) + 4.56212758809761*sqrt(pi)*(-0.436055885202651*fresnelc(0.769859030491471/sqrt(pi)) + 0.899919588063363*fresnels(0.769859030491471/sqrt(pi))),4.56212758809761*sqrt(pi)*(-0.899919588063363*fresnelc(7.78413019719154/sqrt(pi)) - 0.436055885202651*fresnels(7.78413019719154/sqrt(pi))) + 0.136016067687046 - 4.56212758809761*sqrt(pi)*(-0.899919588063363*fresnelc(0.769859030491471/sqrt(pi)) - 0.436055885202651*fresnels(0.769859030491471/sqrt(pi))),-4.56212758809761*sqrt(pi)*(-0.436055885202651*fresnelc(7.78413019719154/sqrt(pi)) + 0.899919588063363*fresnels(7.78413019719154/sqrt(pi))) + 4.56212758809761*sqrt(pi)*(-0.436055885202651*fresnelc(0.769859030491471/sqrt(pi)) + 0.899919588063363*fresnels(0.769859030491471/sqrt(pi))) - 0.646497481146418
4.56212758809761*sqrt(pi)*(-0.899919588063363*fresnelc(7.78413019719154/sqrt(pi)) - 0.436055885202651*fresnels(7.78413019719154/sqrt(pi))) - 4.56212758809761*sqrt(pi)*(-0.899919588063363*fresnelc(0.769859030491471/sqrt(pi)) - 0.436055885202651*fresnels(0.769859030491471/sqrt(pi))),-4.56212758809761*sqrt(pi)*(-0.436055885202651*fresnelc(7.78413019719154/sqrt(pi)) + 0.899919588063363*fresnels(7.78413019719154/sqrt(pi))) + 4.56212758809761*sqrt(pi)*(-0.436055885202651*fresnelc(0.769859030491471/sqrt(pi)) + 0.899919588063363*fresnels(0.769859030491471/sqrt(pi))),4.56212758809761*sqrt(pi)*(-0.899919588063363*fresnelc(7.78413019719154/sqrt(pi)) - 0.436055885202651*fresnels(7.78413019719154/sqrt(pi))) - 0.430760215862004 - 4.56212758809761*sqrt(pi)*(-0.899919588063363*fresnelc(0.769859030491471/sqrt(pi)) - 0.436055885202651*fresnels(0.769859030491471/sqrt(pi))),-4.56212758809761*sqrt(pi)*(-0.436055885202651*fresnelc(7.78413019719154/sqrt(pi)) + 0.899919588063363*fresnels(7.78413019719154/sqrt(pi))) + 4.56212758809761*sqrt(pi)*(-0.436055885202651*fresnelc(0.769859030491471/sqrt(pi)) + 0.899919588063363*fresnels(0.769859030491471/sqrt(pi))) - 0.922211293246078
4.56212758809761*sqrt(pi)*(-0.899919588063363*fresnelc(7.78413019719154/sqrt(pi)) - 0.436055885202651*fresnels(7.78413019719154/sqrt(pi))) - 4.56212758809761*sqrt(pi)*(-0.899919588063363*fresnelc(0.769859030491471/sqrt(pi)) - 0.436055885202651*fresnels(0.769859030491471/sqrt(pi))),-4.56212758809761*sqrt(pi)*(-0.436055885202651*fresnelc(7.78413019719154/sqrt(pi)) + 0.899919588063363*fresnels(7.78413019719154/sqrt(pi))) + 4.56212758809761*sqrt(pi)*(-0.436055885202651*fresnelc(0.769859030491471/sqrt(pi)) + 0.899919588063363*fresnels(0.769859030491471/sqrt(pi))),4.56212758809761*sqrt(pi)*(-0.899919588063363*fresnelc(7.78413019719154/sqrt(pi)) - 0.436055885202651*fresnels(7.78413019719154/sqrt(pi))) - 1.12363354864155 - 4.56212758809761*sqrt(pi)*(-0.899919588063363*fresnelc(0.769859030491471/sqrt(pi)) - 0.436055885202651*fresnels(0.769859030491471/sqrt(pi))),-4.56212758809761*sqrt(pi)*(-0.436055885202651*fresnelc(7.78413019719154/sqrt(pi)) + 0.899919588063363*fresnels(7.78413019719154/sqrt(pi))) + 4.56212758809761*sqrt(pi)*(-0.436055885202651*fresnelc(0.769859030491471/sqrt(pi)) + 0.899919588063363*fresnels(0.769859030491471/sqrt(pi))) - 0.598573675078784
4.84726056235371*sqrt(pi)*(-0.899919588063364*fresnelc(7.78413019719154/sqrt(pi)) - 0.436055885202648*fresnels(7.78413019719154/sqrt(pi))) - 4.84726056235371*sqrt(pi)*(-0.899919588063364*fresnelc(0.769859030491471/sqrt(pi)) - 0.436055885202648*fresnels(0.769859030491471/sqrt(pi))),-4.84726056235371*sqrt(pi)*(-0.436055885202648*fresnelc(7.78413019719154/sqrt(pi)) + 0.899919588063364*fresnels(7.78413019719154/sqrt(pi))) + 4.84726056235371*sqrt(pi)*(-0.436055885202648*fresnelc(0.769859030491471/sqrt(pi)) + 0.899919588063364*fresnels(0.769859030491471/sqrt(pi))),-27.6648854746001 + 4.84726056235371*sqrt(pi)*(-0.899919588063364*fresnelc(7.78413019719154/sqrt(pi)) - 0.436055885202648*fresnels(7.78413019719154/sqrt(pi))) - 4.84726056235371*sqrt(pi)*(-0.899919588063364*fresnelc(0.769859030491471/sqrt(pi)) - 0.436055885202648*fresnels(0.769859030491471/sqrt(pi))),-4.84726056235371*sqrt(pi)*(-0.436055885202648*fresnelc(7.78413019719154/sqrt(pi)) + 0.899919588063364*fresnels(7.78413019719154/sqrt(pi))) + 4.84726056235371*sqrt(pi)*(-0.436055885202648*fresnelc(0.769859030491471/sqrt(pi)) + 0.899919588063364*fresnels(0.769859030491471/sqrt(pi))) + 4.31904059685235
4.84726056235371*sqrt(pi)*(-0.899919588063364*fresnelc(7.78413019719154/sqrt(pi)) - 0.436055885202648*fresnels(7.78413019719154/sqrt(pi))) - 4.84726056235371*sqrt(pi)*(-0.899919588063364*fresnelc(0.769859030491471/sqrt(pi)) - 0.436055885202648*fresnels(0.769859030491471/sqrt(pi))),-4.84726056235371*sqrt(pi)*(-0.436055885202648*fresnelc(7.78413019719154/sqrt(pi)) + 0.899919588063364*fresnels(7.78413019719154/sqrt(pi))) + 4.84726056235371*sqrt(pi)*(-0.436055885202648*fresnelc(0.769859030491471/sqrt(pi)) + 0.899919588063364*fresnels(0.769859030491471/sqrt(pi))),4.84726056235371*sqrt(pi)*(-0.899919588063364*fresnelc(7.78413019719154/sqrt(pi)) - 0.436055885202648*fresnels(7.78413019719154/sqrt(pi))) - 0.887711563279952 - 4.84726056235371*sqrt(pi)*(-0.899919588063364*fresnelc(0.769859030491471/sqrt(pi)) - 0.436055885202648*fresnels(0.769859030491471/sqrt(pi))),-4.84726056235371*sqrt(pi)*(-0.436055885202648*fresnelc(7.78413019719154/sqrt(pi)) + 0.899919588063364*fresnels(7.78413019719154/sqrt(pi))) + 4.84726056235371*sqrt(pi)*(-0.436055885202648*fresnelc(0.769859030491471/sqrt(pi)) + 0.899919588063364*fresnels(0.769859030491471/sqrt(pi))) + 0.912584777732555
4.84726056235371*sqrt(pi)*(-0.899919588063364*fresnelc(7.78413019719154/sqrt(pi)) - 0.436055885202648*fresnels(7.78413019719154/sqrt(pi))) - 4.84726056235371*sqrt(pi)*(-0.899919588063364*fresnelc(0.769859030491471/sqrt(pi)) - 0.436055885202648*fresnels(0.769859030491471/sqrt(pi))),-4.84726056235371*sqrt(pi)*(-0.436055885202648*fresnelc(7.78413019719154/sqrt(pi)) + 0.899919588063364*fresnels(7.78413019719154/sqrt(pi))) + 4.84726056235371*sqrt(pi)*(-0.436055885202648*fresnelc(0.769859030491471/sqrt(pi)) + 0.899919588063364*fresnels(0.769859030491471/sqrt(pi))),4.84726056235371*sqrt(pi)*(-0.899919588063364*fresnelc(7.78413019719154/sqrt(pi)) - 0.436055885202648*fresnels(7.78413019719154/sqrt(pi))) - 0.129161823951591 - 4.84726056235371*sqrt(pi)*(-0.899919588063364*fresnelc(0.769859030491471/sqrt(pi)) - 0.436055885202648*fresnels(0.769859030491471/sqrt(pi))),-4.84726056235371*sqrt(pi)*(-0.436055885202648*fresnelc(7.78413019719154/sqrt(pi)) + 0.899919588063364*fresnels(7.78413019719154/sqrt(pi))) + 4.84726056235371*sqrt(pi)*(-0.436055885202648*fresnelc(0.769859030491471/sqrt(pi)) + 0.899919588063364*fresnels(0.769859030491471/sqrt(pi))) + 1.00962629531604
4.84726056235371*sqrt(pi)*(-0.899919588063364*fresnelc(7.78413019719154/sqrt(pi)) - 0.436055885202648*fresnels(7.78413019719154/sqrt(pi))) - 4.84726056235371*sqrt(pi)*(-0.899919588063364*fresnelc(0.769859030491471/sqrt(pi)) - 0.436055885202648*fresnels(0.769859030491471/sqrt(pi))),-4.84726056235371*sqrt(pi)*(-0.436055885202648*fresnelc(7.78413019719154/sqrt(pi)) + 0.899919588063364*fresnels(7.78413019719154/sqrt(pi))) + 4.84726056235371*sqrt(pi)*(-0.436055885202648*fresnelc(0.769859030491471/sqrt(pi)) + 0.899919588063364*fresnels(0.769859030491471/sqrt(pi))),4.84726056235371*sqrt(pi)*(-0.899919588063364*fresnelc(7.78413019719154/sqrt(pi)) - 0.436055885202648*fresnels(7.78413019719154/sqrt(pi))) + 0.326602767179427 - 4.84726056235371*sqrt(pi)*(-0.899919588063364*fresnelc(0.769859030491471/sqrt(pi)) - 0.436055885202648*fresnels(0.769859030491471/sqrt(pi))),-4.84726056235371*sqrt(pi)*(-0.436055885202648*fresnelc(7.78413019719154/sqrt(pi)) + 0.899919588063364*fresnels(7.78413019719154/sqrt(pi))) + 4.84726056235371*sqrt(pi)*(-0.436055885202648*fresnelc(0.769859030491471/sqrt(pi)) + 0.899919588063364*fresnels(0.769859030491471/sqrt(pi))) + 0.574273450777982
4.84726056235371*sqrt(pi)*(-0.899919588063364*fresnelc(7.78413019719154/sqrt(pi)) - 0.436055885202648*fresnels(7.78413019719154/sqrt(pi))) - 4.84726056235371*sqrt(pi)*(-0.899919588063364*fresnelc(0.769859030491471/sqrt(pi)) - 0.436055885202648*fresnels(0.769859030491471/sqrt(pi))),-4.84726056235371*sqrt(pi)*(-0.436055885202648*fresnelc(7.78413019719154/sqrt(pi)) + 0.899919588063364*fresnels(7.78413019719154/sqrt(pi))) + 4.84726056235371*sqrt(pi)*(-0.436055885202648*fresnelc(0.769859030491471/sqrt(pi)) + 0.899919588063364*fresnels(0.769859030491471/sqrt(pi))),4.84726056235371*sqrt(pi)*(-0.899919588063364*fresnelc(7.78413019719154/sqrt(pi)) - 0.436055885202648*fresnels(7.78413019719154/sqrt(pi))) + 0.259941848344084 - 4.84726056235371*sqrt(pi)*(-0.899919588063364*fresnelc(0.769859030491471/sqrt(pi)) - 0.436055885202648*fresnels(0.769859030491471/sqrt(pi))),-4.84726056235371*sqrt(pi)*(-0.436055885202648*fresnelc(7.78413019719154/sqrt(pi)) + 0.899919588063364*fresnels(7.78413019719154/sqrt(pi))) + 4.84726056235371*sqrt(pi)*(-0.436055885202648*fresnelc(0.769859030491471/sqrt(pi)) + 0.899919588063364*fresnels(0.769859030491471/sqrt(pi))) + 0.112777452504647
-3.72496157743775*sqrt(pi)*(-0.1083680473546*fresnels(0.94288089928893/sqrt(pi)) + 0.994110842065688*fresnelc(0.94288089928893/sqrt(pi))) + 3.72496157743775*sqrt(pi)*(-0.1083680473546*fresnels(9.53357353725474/sqrt(pi)) + 0.994110842065688*fresnelc(9.53357353725474/sqrt(pi))),3.72496157743775*sqrt(pi)*(-0.994110842065688*fresnels(0.94288089928893/sqrt(pi)) - 0.1083680473546*fresnelc(0.94288089928893/sqrt(pi))) - 3.72496157743775*sqrt(pi)*(-0.994110842065688*fresnels(9.53357353725474/sqrt(pi)) - 0.1083680473546*fresnelc(9.53357353725474/sqrt(pi))),-3.72496157743775*sqrt(pi)*(-0.1083680473546*fresnels(0.94288089928893/sqrt(pi)) + 0.994110842065688*fresnelc(0.94288089928893/sqrt(pi))) - 0.283334753735319 + 3.72496157743775*sqrt(pi)*(-0.1083680473546*fresnels(9.53357353725474/sqrt(pi)) + 0.994110842065688*fresnelc(9.53357353725474/sqrt(pi))),3.72496157743775*sqrt(pi)*(-0.994110842065688*fresnels(0.94288089928893/sqrt(pi)) - 0.1083680473546*fresnelc(0.94288089928893/sqrt(pi))) + 0.00315208498026168 - 3.72496157743775*sqrt(pi)*(-0.994110842065688*fresnels(9.53357353725474/sqrt(pi)) - 0.1083680473546*fresnelc(9.53357353725474/sqrt(pi)))
-3.72496157743775*sqrt(pi)*(-0.1083680473546*fresnels(0.94288089928893/sqrt(pi)) + 0.994110842065688*fresnelc(0.94288089928893/sqrt(pi))) + 3.72496157743775*sqrt(pi)*(-0.1083680473546*fresnels(9.53357353725474/sqrt(pi)) + 0.994110842065688*fresnelc(9.53357353725474/sqrt(pi))),3.72496157743775*sqrt(pi)*(-0.994110842065688*fresnels(0.94288089928893/sqrt(pi)) - 0.1083680473546*fresnelc(0.94288089928893/sqrt(pi))) - 3.72496157743775*sqrt(pi)*(-0.994110842065688*fresnels(9.53357353725474/sqrt(pi)) - 0.1083680473546*fresnelc(9.53357353725474/sqrt(pi))),-3.72496157743775*sqrt(pi)*(-0.1083680473546*fresnels(0.94288089928893/sqrt(pi)) + 0.994110842065688*fresnelc(0.94288089928893/sqrt(pi))) - 0.523739213258157 + 3.72496157743775*sqrt(pi)*(-0.1083680473546*fresnels(9.53357353725474/sqrt(pi)) + 0.994110842065688*fresnelc(9.53357353725474/sqrt(pi))),3.72496157743775*sqrt(pi)*(-0.994110842065688*fresnels(0.94288089928893/sqrt(pi)) - 0.1083680473546*fresnelc(0.94288089928893/sqrt(pi))) + 0.402686727237734 - 3.72496157743775*sqrt(pi)*(-0.994110842065688*fresnels(9.53357353725474/sqrt(pi)) - 0.1083680473546*fresnelc(9.53357353725474/sqrt(pi)))
-3.72496157743775*sqrt(pi)*(-0.1083680473546*fresnels(0.94288089928893/sqrt(pi)) + 0.994110842065688*fresnelc(0.94288089928893/sqrt(pi))) + 3.72496157743775*sqrt(pi)*(-0.1083680473546*fresnels(9.53357353725474/sqrt(pi)) + 0.994110842065688*fresnelc(9.53357353725474/sqrt(pi))),3.72496157743775*sqrt(pi)*(-0.994110842065688*fresnels(0.94288089928893/sqrt(pi)) - 0.1083680473546*fresnelc(0.94288089928893/sqrt(pi))) - 3.72496157743775*sqrt(pi)*(-0.994110842065688*fresnels(9.53357353725474/sqrt(pi)) - 0.1083680473546*fresnelc(9.53357353725474/sqrt(pi))),-3.72496157743775*sqrt(pi)*(-0.1083680473546*fresnels(0.94288089928893/sqrt(pi)) + 0.994110842065688*fresnelc(0.94288089928893/sqrt(pi))) - 0.272459460722673 + 3.72496157743775*sqrt(pi)*(-0.1083680473546*fresnels(9.53357353725474/sqrt(pi)) + 0.994110842065688*fresnelc(9.53357353725474/sqrt(pi))),3.72496157743775*sqrt(pi)*(-0.994110842065688*fresnels(0.94288089928893/sqrt(pi)) - 0.1083680473546*fresnelc(0.94288089928893/sqrt(pi))) + 0.980710902979463 - 3.72496157743775*sqrt(pi)*(-0.994110842065688*fresnels(9.53357353725474/sqrt(pi)) - 0.1083680473546*fresnelc(9.53357353725474/sqrt(pi)))
-3.72496157743775*sqrt(pi)*(-0.1083680473546*fresnels(0.94288089928893/sqrt(pi)) + 0.994110842065688*fresnelc(0.94288089928893/sqrt(pi))) + 3.72496157743775*sqrt(pi)*(-0.1083680473546*fresnels(9.53357353725474/sqrt(pi)) + 0.994110842065688*fresnelc(9.53357353725474/sqrt(pi))),3.72496157743775*sqrt(pi)*(-0.994110842065688*fresnels(0.94288089928893/sqrt(pi)) - 0.1083680473546*fresnelc(0.94288089928893/sqrt(pi))) - 3.72496157743775*sqrt(pi)*(-0.994110842065688*fresnels(9.53357353725474/sqrt(pi)) - 0.1083680473546*fresnelc(9.53357353725474/sqrt(pi))),-3.72496157743775*sqrt(pi)*(-0.1083680473546*fresnels(0.94288089928893/sqrt(pi)) + 0.994110842065688*fresnelc(0.94288089928893/sqrt(pi))) + 0.464365643043756 + 3.72496157743775*sqrt(pi)*(-0.1083680473546*fresnels(9.53357353725474/sqrt(pi)) + 0.994110842065688*fresnelc(9.53357353725474/sqrt(pi))),3.72496157743775*sqrt(pi)*(-0.994110842065688*fresnels(0.94288089928893/sqrt(pi)) - 0.1083680473546*fresnelc(0.94288089928893/sqrt(pi))) + 1.18541441938702 - 3.72496157743775*sqrt(pi)*(-0.994110842065688*fresnels(9.53357353725474/sqrt(pi)) - 0.1083680473546*fresnelc(9.53357353725474/sqrt(pi)))
-3.95777167602761*sqrt(pi)*(-0.108368047354593*fresnels(0.942880899288931/sqrt(pi)) + 0.994110842065689*fresnelc(0.942880899288931/sqrt(pi))) + 3.95777167602761*sqrt(pi)*(-0.108368047354593*fresnels(9.53357353725474/sqrt(pi)) + 0.994110842065689*fresnelc(9.53357353725474/sqrt(pi))),3.95777167602761*sqrt(pi)*(-0.994110842065689*fresnels(0.942880899288931/sqrt(pi)) - 0.108368047354593*fresnelc(0.942880899288931/sqrt(pi))) - 3.95777167602761*sqrt(pi)*(-0.994110842065689*fresnels(9.53357353725474/sqrt(pi)) - 0.108368047354593*fresnelc(9.53357353725474/sqrt(pi))),-3.95777167602761*sqrt(pi)*(-0.108368047354593*fresnels(0.942880899288931/sqrt(pi)) + 0.994110842065689*fresnelc(0.942880899288931/sqrt(pi))) + 3.95777167602761*sqrt(pi)*(-0.108368047354593*fresnels(9.53357353725474/sqrt(pi)) + 0.994110842065689*fresnelc(9.53357353725474/sqrt(pi))) + 23.8252986869553,3.95777167602761*sqrt(pi)*(-0.994110842065689*fresnels(0.942880899288931/sqrt(pi)) - 0.108368047354593*fresnelc(0.942880899288931/sqrt(pi))) - 3.95777167602761*sqrt(pi)*(-0.994110842065689*fresnels(9.53357353725474/sqrt(pi)) - 0.108368047354593*fresnelc(9.53357353725474/sqrt(pi))) + 14.7090156868964
-3.95777167602761*sqrt(pi)*(-0.108368047354593*fresnels(0.942880899288931/sqrt(pi)) + 0.994110842065689*fresnelc(0.942880899288931/sqrt(pi))) + 3.95777167602761*sqrt(pi)*(-0.108368047354593*fresnels(9.53357353725474/sqrt(pi)) + 0.994110842065689*fresnelc(9.53357353725474/sqrt(pi))),3.95777167602761*sqrt(pi)*(-0.994110842065689*fresnels(0.942880899288931/sqrt(pi)) - 0.108368047354593*fresnelc(0.942880899288931/sqrt(pi))) - 3.95777167602761*sqrt(pi)*(-0.994110842065689*fresnels(9.53357353725474/sqrt(pi)) - 0.108368047354593*fresnelc(9.53357353725474/sqrt(pi))),-3.95777167602761*sqrt(pi)*(-0.108368047354593*fresnels(0.942880899288931/sqrt(pi)) + 0.994110842065689*fresnelc(0.942880899288931/sqrt(pi))) + 1.26782652880076 + 3.95777167602761*sqrt(pi)*(-0.108368047354593*fresnels(9.53357353725474/sqrt(pi)) + 0.994110842065689*fresnelc(9.53357353725474/sqrt(pi))),3.95777167602761*sqrt(pi)*(-0.994110842065689*fresnels(0.942880899288931/sqrt(pi)) - 0.108368047354593*fresnelc(0.942880899288931/sqrt(pi))) - 0.116011589934564 - 3.95777167602761*sqrt(pi)*(-0.994110842065689*fresnels(9.53357353725474/sqrt(pi)) - 0.108368047354593*fresnelc(9.53357353725474/sqrt(pi)))
-3.95777167602761*sqrt(pi)*(-0.108368047354593*fresnels(0.942880899288931/sqrt(pi)) + 0.994110842065689*fresnelc(0.942880899288931/sqrt(pi))) + 3.95777167602761*sqrt(pi)*(-0.108368047354593*fresnels(9.53357353725474/sqrt(pi)) + 0.994110842065689*fresnelc(9.53357353725474/sqrt(pi))),3.95777167602761*sqrt(pi)*(-0.994110842065689*fresnels(0.942880899288931/sqrt(pi)) - 0.108368047354593*fresnelc(0.942880899288931/sqrt(pi))) - 3.95777167602761*sqrt(pi)*(-0.994110842065689*fresnels(9.53357353725474/sqrt(pi)) - 0.108368047354593*fresnelc(9.53357353725474/sqrt(pi))),-3.95777167602761*sqrt(pi)*(-0.108368047354593*fresnels(0.942880899288931/sqrt(pi)) + 0.994110842065689*fresnelc(0.942880899288931/sqrt(pi))) + 0.754670379405719 + 3.95777167602761*sqrt(pi)*(-0.108368047354593*fresnels(9.53357353725474/sqrt(pi)) + 0.994110842065689*fresnelc(9.53357353725474/sqrt(pi))),3.95777167602761*sqrt(pi)*(-0.994110842065689*fresnels(0.942880899288931/sqrt(pi)) - 0.108368047354593*fresnelc(0.942880899288931/sqrt(pi))) - 0.683008529527789 - 3.95777167602761*sqrt(pi)*(-0.994110842065689*fresnels(9.53357353725474/sqrt(pi)) - 0.108368047354593*fresnelc(9.53357353725474/sqrt(pi)))
-3.95777167602761*sqrt(pi)*(-0.108368047354593*fresnels(0.942880899288931/sqrt(pi)) + 0.994110842065689*fresnelc(0.942880899288931/sqrt(pi))) + 3.95777167602761*sqrt(pi)*(-0.108368047354593*fresnels(9.53357353725474/sqrt(pi)) + 0.994110842065689*fresnelc(9.53357353725474/sqrt(pi))),3.95777167602761*sqrt(pi)*(-0.994110842065689*fresnels(0.942880899288931/sqrt(pi)) - 0.108368047354593*fresnelc(0.942880899288931/sqrt(pi))) - 3.95777167602761*sqrt(pi)*(-0.994110842065689*fresnels(9.53357353725474/sqrt(pi)) - 0.108368047354593*fresnelc(9.53357353725474/sqrt(pi))),-3.95777167602761*sqrt(pi)*(-0.108368047354593*fresnels(0.942880899288931/sqrt(pi)) + 0.994110842065689*fresnelc(0.942880899288931/sqrt(pi))) + 0.125326867433533 + 3.95777167602761*sqrt(pi)*(-0.108368047354593*fresnels(9.53357353725474/sqrt(pi)) + 0.994110842065689*fresnelc(9.53357353725474/sqrt(pi))),3.95777167602761*sqrt(pi)*(-0.994110842065689*fresnels(0.942880899288931/sqrt(pi)) - 0.108368047354593*fresnelc(0.942880899288931/sqrt(pi))) - 0.648654407290206 - 3.95777167602761*sqrt(pi)*(-0.994110842065689*fresnels(9.53357353725474/sqrt(pi)) - 0.108368047354593*fresnelc(9.53357353725474/sqrt(pi)))
-3.95777167602761*sqrt(pi)*(-0.108368047354593*fresnels(0.942880899288931/sqrt(pi)) + 0.994110842065689*fresnelc(0.942880899288931/sqrt(pi))) + 3.95777167602761*sqrt(pi)*(-0.108368047354593*fresnels(9.53357353725474/sqrt(pi)) + 0.994110842065689*fresnelc(9.53357353725474/sqrt(pi))),3.95777167602761*sqrt(pi)*(-0.994110842065689*fresnels(0.942880899288931/sqrt(pi)) - 0.108368047354593*fresnelc(0.942880899288931/sqrt(pi))) - 3.95777167602761*sqrt(pi)*(-0.994110842065689*fresnels(9.53357353725474/sqrt(pi)) - 0.108368047354593*fresnelc(9.53357353725474/sqrt(pi))),-3.95777167602761*sqrt(pi)*(-0.108368047354593*fresnels(0.942880899288931/sqrt(pi)) + 0.994110842065689*fresnelc(0.942880899288931/sqrt(pi))) - 0.124136874225513 + 3.95777167602761*sqrt(pi)*(-0.108368047354593*fresnels(9.53357353725474/sqrt(pi)) + 0.994110842065689*fresnelc(9.53357353725474/sqrt(pi))),3.95777167602761*sqrt(pi)*(-0.994110842065689*fresnels(0.942880899288931/sqrt(pi)) - 0.108368047354593*fresnelc(0.942880899288931/sqrt(pi))) - 0.254712690636914 - 3.95777167602761*sqrt(pi)*(-0.994110842065689*fresnels(9.53357353725474/sqrt(pi)) - 0.108368047354593*fresnelc(9.53357353725474/sqrt(pi)))
3.22591135418205*sqrt(pi)*(-0.784830465168349*fresnelc(11.0084224961462/sqrt(pi)) + 0.619710529960265*fresnels(11.0084224961462/sqrt(pi))) - 3.22591135418205*sqrt(pi)*(-0.784830465168349*fresnelc(1.08874508203644/sqrt(pi)) + 0.619710529960265*fresnels(1.08874508203644/sqrt(pi))),-3.22591135418205*sqrt(pi)*(0.619710529960265*fresnelc(11.0084224961462/sqrt(pi)) + 0.784830465168349*fresnels(11.0084224961462/sqrt(pi))) + 3.22591135418205*sqrt(pi)*(0.784830465168349*fresnels(1.08874508203644/sqrt(pi)) + 0.619710529960265*fresnelc(1.08874508203644/sqrt(pi))),3.22591135418205*sqrt(pi)*(-0.784830465168349*fresnelc(11.0084224961462/sqrt(pi)) + 0.619710529960265*fresnels(11.0084224961462/sqrt(pi))) + 0.217295750239359 - 3.22591135418205*sqrt(pi)*(-0.784830465168349*fresnelc(1.08874508203644/sqrt(pi)) + 0.619710529960265*fresnels(1.08874508203644/sqrt(pi))),-3.22591135418205*sqrt(pi)*(0.619710529960265*fresnelc(11.0084224961462/sqrt(pi)) + 0.784830465168349*fresnels(11.0084224961462/sqrt(pi))) + 0.181854544188181 + 3.22591135418205*sqrt(pi)*(0.784830465168349*fresnels(1.08874508203644/sqrt(pi)) + 0.619710529960265*fresnelc(1.08874508203644/sqrt(pi)))
3.22591135418205*sqrt(pi)*(-0.784830465168349*fresnelc(11.0084224961462/sqrt(pi)) + 0.619710529960265*fresnels(11.0084224961462/sqrt(pi))) - 3.22591135418205*sqrt(pi)*(-0.784830465168349*fresnelc(1.08874508203644/sqrt(pi)) + 0.619710529960265*fresnels(1.08874508203644/sqrt(pi))),-3.22591135418205*sqrt(pi)*(0.619710529960265*fresnelc(11.0084224961462/sqrt(pi)) + 0.784830465168349*fresnels(11.0084224961462/sqrt(pi))) + 3.22591135418205*sqrt(pi)*(0.784830465168349*fresnels(1.08874508203644/sqrt(pi)) + 0.619710529960265*fresnelc(1.08874508203644/sqrt(pi))),3.22591135418205*sqrt(pi)*(-0.784830465168349*fresnelc(11.0084224961462/sqrt(pi)) + 0.619710529960265*fresnels(11.0084224961462/sqrt(pi))) + 0.659740631917775 - 3.22591135418205*sqrt(pi)*(-0.784830465168349*fresnelc(1.08874508203644/sqrt(pi)) + 0.619710529960265*fresnels(1.08874508203644/sqrt(pi))),-3.22591135418205*sqrt(pi)*(0.619710529960265*fresnelc(11.0084224961462/sqrt(pi)) + 0.784830465168349*fresnels(11.0084224961462/sqrt(pi))) + 0.0346650024440506 + 3.22591135418205*sqrt(pi)*(0.784830465168349*fresnels(1.08874508203644/sqrt(pi)) + 0.619710529960265*fresnelc(1.08874508203644/sqrt(pi)))
3.22591135418205*sqrt(pi)*(-0.784830465168349*fresnelc(11.0084224961462/sqrt(pi)) + 0.619710529960265*fresnels(11.0084224961462/sqrt(pi))) - 3.22591135418205*sqrt(pi)*(-0.784830465168349*fresnelc(1.08874508203644/sqrt(pi)) + 0.619710529960265*fresnels(1.08874508203644/sqrt(pi))),-3.22591135418205*sqrt(pi)*(0.619710529960265*fresnelc(11.0084224961462/sqrt(pi)) + 0.784830465168349*fresnels(11.0084224961462/sqrt(pi))) + 3.22591135418205*sqrt(pi)*(0.784830465168349*fresnels(1.08874508203644/sqrt(pi)) + 0.619710529960265*fresnelc(1.08874508203644/sqrt(pi))),3.22591135418205*sqrt(pi)*(-0.784830465168349*fresnelc(11.0084224961462/sqrt(pi)) + 0.619710529960265*fresnels(11.0084224961462/sqrt(pi))) + 0.844728533972098 - 3.22591135418205*sqrt(pi)*(-0.784830465168349*fresnelc(1.08874508203644/sqrt(pi)) + 0.619710529960265*fresnels(1.08874508203644/sqrt(pi))),-3.22591135418205*sqrt(pi)*(0.619710529960265*fresnelc(11.0084224961462/sqrt(pi)) + 0.784830465168349*fresnels(11.0084224961462/sqrt(pi))) - 0.567857144758639 + 3.22591135418205*sqrt(pi)*(0.784830465168349*fresnels(1.08874508203644/sqrt(pi)) + 0.619710529960265*fresnelc(1.08874508203644/sqrt(pi)))
3.22591135418205*sqrt(pi)*(-0.784830465168349*fresnelc(11.0084224961462/sqrt(pi)) + 0.619710529960265*fresnels(11.0084224961462/sqrt(pi))) - 3.22591135418205*sqrt(pi)*(-0.784830465168349*fresnelc(1.08874508203644/sqrt(pi)) + 0.619710529960265*fresnels(1.08874508203644/sqrt(pi))),-3.22591135418205*sqrt(pi)*(0.619710529960265*fresnelc(11.0084224961462/sqrt(pi)) + 0.784830465168349*fresnels(11.0084224961462/sqrt(pi))) + 3.22591135418205*sqrt(pi)*(0.784830465168349*fresnels(1.08874508203644/sqrt(pi)) + 0.619710529960265*fresnelc(1.08874508203644/sqrt(pi))),3.22591135418205*sqrt(pi)*(-0.784830465168349*fresnelc(11.0084224961462/sqrt(pi)) + 0.619710529960265*fresnels(11.0084224961462/sqrt(pi))) + 0.418087616307034 - 3.22591135418205*sqrt(pi)*(-0.784830465168349*fresnelc(1.08874508203644/sqrt(pi)) + 0.619710529960265*fresnels(1.08874508203644/sqrt(pi))),-3.22591135418205*sqrt(pi)*(0.619710529960265*fresnelc(11.0084224961462/sqrt(pi)) + 0.784830465168349*fresnels(11.0084224961462/sqrt(pi))) - 1.20251633719497 + 3.22591135418205*sqrt(pi)*(0.784830465168349*fresnels(1.08874508203644/sqrt(pi)) + 0.619710529960265*fresnelc(1.08874508203644/sqrt(pi)))
3.42753081381843*sqrt(pi)*(-0.784830465168345*fresnelc(11.0084224961462/sqrt(pi)) + 0.619710529960271*fresnels(11.0084224961462/sqrt(pi))) - 3.42753081381843*sqrt(pi)*(-0.784830465168345*fresnelc(1.08874508203644/sqrt(pi)) + 0.619710529960271*fresnels(1.08874508203644/sqrt(pi))),-3.42753081381843*sqrt(pi)*(0.619710529960271*fresnelc(11.0084224961462/sqrt(pi)) + 0.784830465168345*fresnels(11.0084224961462/sqrt(pi))) + 3.42753081381843*sqrt(pi)*(0.784830465168345*fresnels(1.08874508203644/sqrt(pi)) + 0.619710529960271*fresnelc(1.08874508203644/sqrt(pi))),-8.53469739086207 + 3.42753081381843*sqrt(pi)*(-0.784830465168345*fresnelc(11.0084224961462/sqrt(pi)) + 0.619710529960271*fresnels(11.0084224961462/sqrt(pi))) - 3.42753081381843*sqrt(pi)*(-0.784830465168345*fresnelc(1.08874508203644/sqrt(pi)) + 0.619710529960271*fresnels(1.08874508203644/sqrt(pi))),-26.6675634516244 - 3.42753081381843*sqrt(pi)*(0.619710529960271*fresnelc(11.0084224961462/sqrt(pi)) + 0.784830465168345*fresnels(11.0084224961462/sqrt(pi))) + 3.42753081381843*sqrt(pi)*(0.784830465168345*fresnels(1.08874508203644/sqrt(pi)) + 0.619710529960271*fresnelc(1.08874508203644/sqrt(pi)))
3.42753081381843*sqrt(pi)*(-0.784830465168345*fresnelc(11.0084224961462/sqrt(pi)) + 0.619710529960271*fresnels(11.0084224961462/sqrt(pi))) - 3.42753081381843*sqrt(pi)*(-0.784830465168345*fresnelc(1.08874508203644/sqrt(pi)) + 0.619710529960271*fresnels(1.08874508203644/sqrt(pi))),-3.42753081381843*sqrt(pi)*(0.619710529960271*fresnelc(11.0084224961462/sqrt(pi)) + 0.784830465168345*fresnels(11.0084224961462/sqrt(pi))) + 3.42753081381843*sqrt(pi)*(0.784830465168345*fresnels(1.08874508203644/sqrt(pi)) + 0.619710529960271*fresnelc(1.08874508203644/sqrt(pi))),-1.03859341578343 + 3.42753081381843*sqrt(pi)*(-0.784830465168345*fresnelc(11.0084224961462/sqrt(pi)) + 0.619710529960271*fresnels(11.0084224961462/sqrt(pi))) - 3.42753081381843*sqrt(pi)*(-0.784830465168345*fresnelc(1.08874508203644/sqrt(pi)) + 0.619710529960271*fresnels(1.08874508203644/sqrt(pi))),-3.42753081381843*sqrt(pi)*(0.619710529960271*fresnelc(11.0084224961462/sqrt(pi)) + 0.784830465168345*fresnels(11.0084224961462/sqrt(pi))) - 0.736319572482919 + 3.42753081381843*sqrt(pi)*(0.784830465168345*fresnels(1.08874508203644/sqrt(pi)) + 0.619710529960271*fresnelc(1.08874508203644/sqrt(pi)))
3.42753081381843*sqrt(pi)*(-0.784830465168345*fresnelc(11.0084224961462/sqrt(pi)) + 0.619710529960271*fresnels(11.0084224961462/sqrt(pi))) - 3.42753081381843*sqrt(pi)*(-0.784830465168345*fresnelc(1.08874508203644/sqrt(pi)) + 0.619710529960271*fresnels(1.08874508203644/sqrt(pi))),-3.42753081381843*sqrt(pi)*(0.619710529960271*fresnelc(11.0084224961462/sqrt(pi)) + 0.784830465168345*fresnels(11.0084224961462/sqrt(pi))) + 3.42753081381843*sqrt(pi)*(0.784830465168345*fresnels(1.08874508203644/sqrt(pi)) + 0.619710529960271*fresnelc(1.08874508203644/sqrt(pi))),-1.01746610690262 + 3.42753081381843*sqrt(pi)*(-0.784830465168345*fresnelc(11.0084224961462/sqrt(pi)) + 0.619710529960271*fresnels(11.0084224961462/sqrt(pi))) - 3.42753081381843*sqrt(pi)*(-0.784830465168345*fresnelc(1.08874508203644/sqrt(pi)) + 0.619710529960271*fresnels(1.08874508203644/sqrt(pi))),-3.42753081381843*sqrt(pi)*(0.619710529960271*fresnelc(11.0084224961462/sqrt(pi)) + 0.784830465168345*fresnels(11.0084224961462/sqrt(pi))) + 0.0281203532074415 + 3.42753081381843*sqrt(pi)*(0.784830465168345*fresnels(1.08874508203644/sqrt(pi)) + 0.619710529960271*fresnelc(1.08874508203644/sqrt(pi)))
3.42753081381843*sqrt(pi)*(-0.784830465168345*fresnelc(11.0084224961462/sqrt(pi)) + 0.619710529960271*fresnels(11.0084224961462/sqrt(pi))) - 3.42753081381843*sqrt(pi)*(-0.784830465168345*fresnelc(1.08874508203644/sqrt(pi)) + 0.619710529960271*fresnels(1.08874508203644/sqrt(pi))),-3.42753081381843*sqrt(pi)*(0.619710529960271*fresnelc(11.0084224961462/sqrt(pi)) + 0.784830465168345*fresnels(11.0084224961462/sqrt(pi))) + 3.42753081381843*sqrt(pi)*(0.784830465168345*fresnels(1.08874508203644/sqrt(pi)) + 0.619710529960271*fresnelc(1.08874508203644/sqrt(pi))),-0.517021379870858 + 3.42753081381843*sqrt(pi)*(-0.784830465168345*fresnelc(11.0084224961462/sqrt(pi)) + 0.619710529960271*fresnels(11.0084224961462/sqrt(pi))) - 3.42753081381843*sqrt(pi)*(-0.784830465168345*fresnelc(1.08874508203644/sqrt(pi)) + 0.619710529960271*fresnels(1.08874508203644/sqrt(pi))),-3.42753081381843*sqrt(pi)*(0.619710529960271*fresnelc(11.0084224961462/sqrt(pi)) + 0.784830465168345*fresnels(11.0084224961462/sqrt(pi))) + 0.411276374903962 + 3.42753081381843*sqrt(pi)*(0.784830465168345*fresnels(1.08874508203644/sqrt(pi)) + 0.619710529960271*fresnelc(1.08874508203644/sqrt(pi)))
3.42753081381843*sqrt(pi)*(-0.784830465168345*fresnelc(11.0084224961462/sqrt(pi)) + 0.619710529960271*fresnels(11.0084224961462/sqrt(pi))) - 3.42753081381843*sqrt(pi)*(-0.784830465168345*fresnelc(1.08874508203644/sqrt(pi)) + 0.619710529960271*fresnels(1.08874508203644/sqrt(pi))),-3.42753081381843*sqrt(pi)*(0.619710529960271*fresnelc(11.0084224961462/sqrt(pi)) + 0.784830465168345*fresnels(11.0084224961462/sqrt(pi))) + 3.42753081381843*sqrt(pi)*(0.784830465168345*fresnels(1.08874508203644/sqrt(pi)) + 0.619710529960271*fresnelc(1.08874508203644/sqrt(pi))),3.42753081381843*sqrt(pi)*(-0.784830465168345*fresnelc(11.0084224961462/sqrt(pi)) + 0.619710529960271*fresnels(11.0084224961462/sqrt(pi))) - 0.0713312825656883 - 3.42753081381843*sqrt(pi)*(-0.784830465168345*fresnelc(1.08874508203644/sqrt(pi)) + 0.619710529960271*fresnels(1.08874508203644/sqrt(pi))),-3.42753081381843*sqrt(pi)*(0.619710529960271*fresnelc(11.0084224961462/sqrt(pi)) + 0.784830465168345*fresnels(11.0084224961462/sqrt(pi))) + 0.274226852152576 + 3.42753081381843*sqrt(pi)*(0.784830465168345*fresnels(1.08874508203644/sqrt(pi)) + 0.619710529960271*fresnelc(1.08874508203644/sqrt(pi)))
